This file contains any messages produced by compilers while
running configure, to aid debugging if configure makes a mistake.

It was created by configure, which was
generated by GNU Autoconf 2.71.  Invocation command line was

  $ ./configure --prefix=/usr/local/ps3dev/portlibs/ppu --host=powerpc64-ps3-elf --enable-atomic=yes --enable-video-psl1ght=yes --enable-joystick=yes --enable-audio=yes

## --------- ##
## Platform. ##
## --------- ##

hostname = DESKTOP-UHD1668
uname -m = x86_64
uname -r = 6.6.87.2-microsoft-standard-WSL2
uname -s = Linux
uname -v = #1 SMP PREEMPT_DYNAMIC Thu Jun  5 18:30:46 UTC 2025

/usr/bin/uname -p = x86_64
/bin/uname -X     = unknown

/bin/arch              = x86_64
/usr/bin/arch -k       = unknown
/usr/convex/getsysinfo = unknown
/usr/bin/hostinfo      = unknown
/bin/machine           = unknown
/usr/bin/oslevel       = unknown
/bin/universe          = unknown

PATH: /usr/local/sbin/
PATH: /usr/local/bin/
PATH: /usr/sbin/
PATH: /usr/bin/
PATH: /sbin/
PATH: /bin/
PATH: /usr/games/
PATH: /usr/local/games/
PATH: /snap/bin/
PATH: /usr/local/ps3dev/bin/
PATH: /usr/local/ps3dev/ppu/bin/
PATH: /usr/local/ps3dev/spu/bin/


## ----------- ##
## Core tests. ##
## ----------- ##

configure:3184: looking for aux files: install-sh config.guess config.sub ltmain.sh
configure:3197:  trying ./build-scripts/
configure:3208:   ./build-scripts/install-sh found
configure:3226:   ./build-scripts/config.guess found
configure:3226:   ./build-scripts/config.sub found
configure:3226:   ./build-scripts/ltmain.sh found
configure:3403: checking build system type
configure:3418: result: x86_64-pc-linux-gnu
configure:3438: checking host system type
configure:3452: result: powerpc64-ps3-elf
configure:3493: checking how to print strings
configure:3520: result: printf
configure:3558: checking for powerpc64-ps3-elf-gcc
configure:3579: found /usr/local/ps3dev/ppu/bin/powerpc64-ps3-elf-gcc
configure:3590: result: powerpc64-ps3-elf-gcc
configure:3988: checking for C compiler version
configure:3997: powerpc64-ps3-elf-gcc --version >&5
powerpc64-ps3-elf-gcc (GCC) 7.2.0
Copyright (C) 2017 Free Software Foundation, Inc.
This is free software; see the source for copying conditions.  There is NO
warranty; not even for MERCHANTABILITY or FITNESS FOR A PARTICULAR PURPOSE.

configure:4008: $? = 0
configure:3997: powerpc64-ps3-elf-gcc -v >&5
Using built-in specs.
COLLECT_GCC=powerpc64-ps3-elf-gcc
COLLECT_LTO_WRAPPER=/usr/local/ps3dev/ppu/libexec/gcc/powerpc64-ps3-elf/7.2.0/lto-wrapper
Target: powerpc64-ps3-elf
Configured with: ../configure --prefix=/usr/local/ps3dev/ppu --target=powerpc64-ps3-elf --disable-dependency-tracking --disable-libcc1 --disable-libstdcxx-pch --disable-multilib --disable-nls --disable-shared --disable-win32-registry --enable-languages=c,c++ --enable-long-double-128 --enable-lto --enable-threads --with-cpu=cell --with-newlib --enable-newlib-multithread --enable-newlib-hw-fp --with-system-zlib
Thread model: single
gcc version 7.2.0 (GCC) 
configure:4008: $? = 0
configure:3997: powerpc64-ps3-elf-gcc -V >&5
powerpc64-ps3-elf-gcc: error: unrecognized command line option '-V'
powerpc64-ps3-elf-gcc: fatal error: no input files
compilation terminated.
configure:4008: $? = 1
configure:3997: powerpc64-ps3-elf-gcc -qversion >&5
powerpc64-ps3-elf-gcc: error: unrecognized command line option '-qversion'; did you mean '--version'?
powerpc64-ps3-elf-gcc: fatal error: no input files
compilation terminated.
configure:4008: $? = 1
configure:3997: powerpc64-ps3-elf-gcc -version >&5
powerpc64-ps3-elf-gcc: error: unrecognized command line option '-version'
powerpc64-ps3-elf-gcc: fatal error: no input files
compilation terminated.
configure:4008: $? = 1
configure:4028: checking whether the C compiler works
configure:4050: powerpc64-ps3-elf-gcc -O2 -Wall -I/usr/local/ps3dev/ppu/include  -L/usr/local/ps3dev/ppu/lib -lrt -llv2 conftest.c  >&5
configure:4054: $? = 0
configure:4104: result: yes
configure:4107: checking for C compiler default output file name
configure:4109: result: a.out
configure:4115: checking for suffix of executables
configure:4122: powerpc64-ps3-elf-gcc -o conftest -O2 -Wall -I/usr/local/ps3dev/ppu/include  -L/usr/local/ps3dev/ppu/lib -lrt -llv2 conftest.c  >&5
configure:4126: $? = 0
configure:4149: result: 
configure:4171: checking whether we are cross compiling
configure:4179: powerpc64-ps3-elf-gcc -o conftest -O2 -Wall -I/usr/local/ps3dev/ppu/include  -L/usr/local/ps3dev/ppu/lib -lrt -llv2 conftest.c  >&5
configure:4183: $? = 0
configure:4190: ./conftest
./configure: line 4192: ./conftest: cannot execute binary file: Exec format error
configure:4194: $? = 126
configure:4209: result: yes
configure:4214: checking for suffix of object files
configure:4237: powerpc64-ps3-elf-gcc -c -O2 -Wall -I/usr/local/ps3dev/ppu/include  conftest.c >&5
configure:4241: $? = 0
configure:4263: result: o
configure:4267: checking whether the compiler supports GNU C
configure:4287: powerpc64-ps3-elf-gcc -c -O2 -Wall -I/usr/local/ps3dev/ppu/include  conftest.c >&5
configure:4287: $? = 0
configure:4297: result: yes
configure:4308: checking whether powerpc64-ps3-elf-gcc accepts -g
configure:4329: powerpc64-ps3-elf-gcc -c -g  conftest.c >&5
configure:4329: $? = 0
configure:4373: result: yes
configure:4393: checking for powerpc64-ps3-elf-gcc option to enable C11 features
configure:4408: powerpc64-ps3-elf-gcc  -c -O2 -Wall -I/usr/local/ps3dev/ppu/include  conftest.c >&5
configure:4408: $? = 0
configure:4426: result: none needed
configure:4536: checking for a sed that does not truncate output
configure:4606: result: /usr/bin/sed
configure:4624: checking for grep that handles long lines and -e
configure:4688: result: /usr/bin/grep
configure:4693: checking for egrep
configure:4761: result: /usr/bin/grep -E
configure:4766: checking for fgrep
configure:4834: result: /usr/bin/grep -F
configure:4870: checking for ld used by powerpc64-ps3-elf-gcc
configure:4938: result: /usr/local/ps3dev/ppu/powerpc64-ps3-elf/bin/ld
configure:4945: checking if the linker (/usr/local/ps3dev/ppu/powerpc64-ps3-elf/bin/ld) is GNU ld
configure:4961: result: yes
configure:4973: checking for BSD- or MS-compatible name lister (nm)
configure:5023: result: /usr/local/ps3dev/ppu/bin/powerpc64-ps3-elf-nm -B
configure:5163: checking the name lister (/usr/local/ps3dev/ppu/bin/powerpc64-ps3-elf-nm -B) interface
configure:5171: powerpc64-ps3-elf-gcc -c -O2 -Wall -I/usr/local/ps3dev/ppu/include  conftest.c >&5
configure:5174: /usr/local/ps3dev/ppu/bin/powerpc64-ps3-elf-nm -B "conftest.o"
configure:5177: output
0000000000000000 B some_variable
configure:5184: result: BSD nm
configure:5187: checking whether ln -s works
configure:5191: result: yes
configure:5199: checking the maximum length of command line arguments
configure:5330: result: 1572864
configure:5347: checking whether the shell understands some XSI constructs
configure:5357: result: yes
configure:5361: checking whether the shell understands "+="
configure:5367: result: yes
configure:5402: checking how to convert x86_64-pc-linux-gnu file names to powerpc64-ps3-elf format
configure:5443: result: func_convert_file_noop
configure:5450: checking how to convert x86_64-pc-linux-gnu file names to toolchain format
configure:5471: result: func_convert_file_noop
configure:5478: checking for /usr/local/ps3dev/ppu/powerpc64-ps3-elf/bin/ld option to reload object files
configure:5486: result: -r
configure:5520: checking for powerpc64-ps3-elf-objdump
configure:5541: found /usr/local/ps3dev/ppu/bin/powerpc64-ps3-elf-objdump
configure:5552: result: powerpc64-ps3-elf-objdump
configure:5626: checking how to recognize dependent libraries
configure:5831: result: unknown
configure:5876: checking for powerpc64-ps3-elf-dlltool
configure:5911: result: no
configure:5921: checking for dlltool
configure:5956: result: no
configure:5983: checking how to associate runtime and link libraries
configure:6011: result: printf %s\n
configure:6028: checking for powerpc64-ps3-elf-ar
configure:6049: found /usr/local/ps3dev/ppu/bin/powerpc64-ps3-elf-ar
configure:6060: result: powerpc64-ps3-elf-ar
configure:6146: checking for archiver @FILE support
configure:6164: powerpc64-ps3-elf-gcc -c -O2 -Wall -I/usr/local/ps3dev/ppu/include  conftest.c >&5
configure:6164: $? = 0
configure:6168: powerpc64-ps3-elf-ar cru libconftest.a @conftest.lst >&5
configure:6171: $? = 0
configure:6176: powerpc64-ps3-elf-ar cru libconftest.a @conftest.lst >&5
powerpc64-ps3-elf-ar: conftest.o: No such file or directory
configure:6179: $? = 1
configure:6191: result: @
configure:6209: checking for powerpc64-ps3-elf-strip
configure:6230: found /usr/local/ps3dev/ppu/bin/powerpc64-ps3-elf-strip
configure:6241: result: powerpc64-ps3-elf-strip
configure:6318: checking for powerpc64-ps3-elf-ranlib
configure:6339: found /usr/local/ps3dev/ppu/bin/powerpc64-ps3-elf-ranlib
configure:6350: result: powerpc64-ps3-elf-ranlib
configure:6472: checking for gawk
configure:6493: found /usr/bin/gawk
configure:6504: result: gawk
configure:6544: checking command to parse /usr/local/ps3dev/ppu/bin/powerpc64-ps3-elf-nm -B output from powerpc64-ps3-elf-gcc object
configure:6665: powerpc64-ps3-elf-gcc -c -O2 -Wall -I/usr/local/ps3dev/ppu/include  conftest.c >&5
configure:6668: $? = 0
configure:6672: /usr/local/ps3dev/ppu/bin/powerpc64-ps3-elf-nm -B conftest.o \| sed -n -e 's/^.*[ ]\([ABCDGIRSTW][ABCDGIRSTW]*\)[ ][ ]*\([_A-Za-z][_A-Za-z0-9]*\)$/\1 \2 \2/p' | sed '/ __gnu_lto/d' \> conftest.nm
configure:6675: $? = 0
configure:6741: powerpc64-ps3-elf-gcc -o conftest -O2 -Wall -I/usr/local/ps3dev/ppu/include  -L/usr/local/ps3dev/ppu/lib -lrt -llv2 conftest.c conftstm.o >&5
configure:6744: $? = 0
configure:6782: result: ok
configure:6819: checking for sysroot
configure:6850: result: no
configure:7072: checking for powerpc64-ps3-elf-mt
configure:7107: result: no
configure:7117: checking for mt
configure:7152: result: no
configure:7172: checking if : is a manifest tool
configure:7179: : '-?'
configure:7187: result: no
configure:7882: checking for stdio.h
configure:7882: powerpc64-ps3-elf-gcc -c -O2 -Wall -I/usr/local/ps3dev/ppu/include  conftest.c >&5
configure:7882: $? = 0
configure:7882: result: yes
configure:7882: checking for stdlib.h
configure:7882: powerpc64-ps3-elf-gcc -c -O2 -Wall -I/usr/local/ps3dev/ppu/include  conftest.c >&5
configure:7882: $? = 0
configure:7882: result: yes
configure:7882: checking for string.h
configure:7882: powerpc64-ps3-elf-gcc -c -O2 -Wall -I/usr/local/ps3dev/ppu/include  conftest.c >&5
configure:7882: $? = 0
configure:7882: result: yes
configure:7882: checking for inttypes.h
configure:7882: powerpc64-ps3-elf-gcc -c -O2 -Wall -I/usr/local/ps3dev/ppu/include  conftest.c >&5
configure:7882: $? = 0
configure:7882: result: yes
configure:7882: checking for stdint.h
configure:7882: powerpc64-ps3-elf-gcc -c -O2 -Wall -I/usr/local/ps3dev/ppu/include  conftest.c >&5
configure:7882: $? = 0
configure:7882: result: yes
configure:7882: checking for strings.h
configure:7882: powerpc64-ps3-elf-gcc -c -O2 -Wall -I/usr/local/ps3dev/ppu/include  conftest.c >&5
configure:7882: $? = 0
configure:7882: result: yes
configure:7882: checking for sys/stat.h
configure:7882: powerpc64-ps3-elf-gcc -c -O2 -Wall -I/usr/local/ps3dev/ppu/include  conftest.c >&5
configure:7882: $? = 0
configure:7882: result: yes
configure:7882: checking for sys/types.h
configure:7882: powerpc64-ps3-elf-gcc -c -O2 -Wall -I/usr/local/ps3dev/ppu/include  conftest.c >&5
configure:7882: $? = 0
configure:7882: result: yes
configure:7882: checking for unistd.h
configure:7882: powerpc64-ps3-elf-gcc -c -O2 -Wall -I/usr/local/ps3dev/ppu/include  conftest.c >&5
configure:7882: $? = 0
configure:7882: result: yes
configure:7907: checking for dlfcn.h
configure:7907: powerpc64-ps3-elf-gcc -c -O2 -Wall -I/usr/local/ps3dev/ppu/include  conftest.c >&5
conftest.c:48:10: fatal error: dlfcn.h: No such file or directory
 #include <dlfcn.h>
          ^~~~~~~~~
compilation terminated.
configure:7907: $? = 1
configure: failed program was:
| /* confdefs.h */
| #define PACKAGE_NAME ""
| #define PACKAGE_TARNAME ""
| #define PACKAGE_VERSION ""
| #define PACKAGE_STRING ""
| #define PACKAGE_BUGREPORT ""
| #define PACKAGE_URL ""
| #define HAVE_STDIO_H 1
| #define HAVE_STDLIB_H 1
| #define HAVE_STRING_H 1
| #define HAVE_INTTYPES_H 1
| #define HAVE_STDINT_H 1
| #define HAVE_STRINGS_H 1
| #define HAVE_SYS_STAT_H 1
| #define HAVE_SYS_TYPES_H 1
| #define HAVE_UNISTD_H 1
| #define STDC_HEADERS 1
| /* end confdefs.h.  */
| #include <stddef.h>
| #ifdef HAVE_STDIO_H
| # include <stdio.h>
| #endif
| #ifdef HAVE_STDLIB_H
| # include <stdlib.h>
| #endif
| #ifdef HAVE_STRING_H
| # include <string.h>
| #endif
| #ifdef HAVE_INTTYPES_H
| # include <inttypes.h>
| #endif
| #ifdef HAVE_STDINT_H
| # include <stdint.h>
| #endif
| #ifdef HAVE_STRINGS_H
| # include <strings.h>
| #endif
| #ifdef HAVE_SYS_TYPES_H
| # include <sys/types.h>
| #endif
| #ifdef HAVE_SYS_STAT_H
| # include <sys/stat.h>
| #endif
| #ifdef HAVE_UNISTD_H
| # include <unistd.h>
| #endif
| 
| #include <dlfcn.h>
configure:7907: result: no
configure:8442: checking for objdir
configure:8458: result: .libs
configure:8729: checking if powerpc64-ps3-elf-gcc supports -fno-rtti -fno-exceptions
configure:8748: powerpc64-ps3-elf-gcc -c -O2 -Wall -I/usr/local/ps3dev/ppu/include  -fno-rtti -fno-exceptions conftest.c >&5
cc1: warning: command line option '-fno-rtti' is valid for C++/ObjC++ but not for C
configure:8752: $? = 0
configure:8765: result: no
configure:9092: checking for powerpc64-ps3-elf-gcc option to produce PIC
configure:9100: result: -fPIC -DPIC
configure:9108: checking if powerpc64-ps3-elf-gcc PIC flag -fPIC -DPIC works
configure:9127: powerpc64-ps3-elf-gcc -c -O2 -Wall -I/usr/local/ps3dev/ppu/include  -fPIC -DPIC -DPIC conftest.c >&5
configure:9131: $? = 0
configure:9144: result: yes
configure:9173: checking if powerpc64-ps3-elf-gcc static flag -static works
configure:9202: result: yes
configure:9217: checking if powerpc64-ps3-elf-gcc supports -c -o file.o
configure:9239: powerpc64-ps3-elf-gcc -c -O2 -Wall -I/usr/local/ps3dev/ppu/include  -o out/conftest2.o conftest.c >&5
configure:9243: $? = 0
configure:9265: result: yes
configure:9273: checking if powerpc64-ps3-elf-gcc supports -c -o file.o
configure:9321: result: yes
configure:9354: checking whether the powerpc64-ps3-elf-gcc linker (/usr/local/ps3dev/ppu/powerpc64-ps3-elf/bin/ld) supports shared libraries
configure:10514: result: yes
configure:10551: checking whether -lc should be explicitly linked in
configure:10560: powerpc64-ps3-elf-gcc -c -O2 -Wall -I/usr/local/ps3dev/ppu/include  conftest.c >&5
configure:10563: $? = 0
configure:10578: powerpc64-ps3-elf-gcc -shared  -fPIC -DPIC conftest.o  -v -Wl,-soname -Wl,conftest -o conftest 2\>\&1 \| /usr/bin/grep  -lc  \>/dev/null 2\>\&1
configure:10581: $? = 0
configure:10595: result: no
configure:10755: checking dynamic linker characteristics
configure:11500: result: no
configure:11607: checking how to hardcode library paths into programs
configure:11632: result: immediate
configure:12176: checking whether stripping libraries is possible
configure:12181: result: yes
configure:12216: checking if libtool supports shared libraries
configure:12218: result: no
configure:12221: checking whether to build shared libraries
configure:12242: result: no
configure:12245: checking whether to build static libraries
configure:12249: result: yes
configure:12289: checking for powerpc64-ps3-elf-windres
configure:12324: result: no
configure:12334: checking for windres
configure:12369: result: no
configure:12495: checking for powerpc64-ps3-elf-gcc
configure:12527: result: powerpc64-ps3-elf-gcc
configure:12925: checking for C compiler version
configure:12934: powerpc64-ps3-elf-gcc --version >&5
powerpc64-ps3-elf-gcc (GCC) 7.2.0
Copyright (C) 2017 Free Software Foundation, Inc.
This is free software; see the source for copying conditions.  There is NO
warranty; not even for MERCHANTABILITY or FITNESS FOR A PARTICULAR PURPOSE.

configure:12945: $? = 0
configure:12934: powerpc64-ps3-elf-gcc -v >&5
Using built-in specs.
COLLECT_GCC=powerpc64-ps3-elf-gcc
COLLECT_LTO_WRAPPER=/usr/local/ps3dev/ppu/libexec/gcc/powerpc64-ps3-elf/7.2.0/lto-wrapper
Target: powerpc64-ps3-elf
Configured with: ../configure --prefix=/usr/local/ps3dev/ppu --target=powerpc64-ps3-elf --disable-dependency-tracking --disable-libcc1 --disable-libstdcxx-pch --disable-multilib --disable-nls --disable-shared --disable-win32-registry --enable-languages=c,c++ --enable-long-double-128 --enable-lto --enable-threads --with-cpu=cell --with-newlib --enable-newlib-multithread --enable-newlib-hw-fp --with-system-zlib
Thread model: single
gcc version 7.2.0 (GCC) 
configure:12945: $? = 0
configure:12934: powerpc64-ps3-elf-gcc -V >&5
powerpc64-ps3-elf-gcc: error: unrecognized command line option '-V'
powerpc64-ps3-elf-gcc: fatal error: no input files
compilation terminated.
configure:12945: $? = 1
configure:12934: powerpc64-ps3-elf-gcc -qversion >&5
powerpc64-ps3-elf-gcc: error: unrecognized command line option '-qversion'; did you mean '--version'?
powerpc64-ps3-elf-gcc: fatal error: no input files
compilation terminated.
configure:12945: $? = 1
configure:12934: powerpc64-ps3-elf-gcc -version >&5
powerpc64-ps3-elf-gcc: error: unrecognized command line option '-version'
powerpc64-ps3-elf-gcc: fatal error: no input files
compilation terminated.
configure:12945: $? = 1
configure:12949: checking whether the compiler supports GNU C
configure:12979: result: yes
configure:12990: checking whether powerpc64-ps3-elf-gcc accepts -g
configure:13055: result: yes
configure:13075: checking for powerpc64-ps3-elf-gcc option to enable C11 features
configure:13108: result: none needed
configure:13238: checking for powerpc64-ps3-elf-g++
configure:13259: found /usr/local/ps3dev/ppu/bin/powerpc64-ps3-elf-g++
configure:13270: result: powerpc64-ps3-elf-g++
configure:13346: checking for C++ compiler version
configure:13355: powerpc64-ps3-elf-g++ --version >&5
powerpc64-ps3-elf-g++ (GCC) 7.2.0
Copyright (C) 2017 Free Software Foundation, Inc.
This is free software; see the source for copying conditions.  There is NO
warranty; not even for MERCHANTABILITY or FITNESS FOR A PARTICULAR PURPOSE.

configure:13366: $? = 0
configure:13355: powerpc64-ps3-elf-g++ -v >&5
Using built-in specs.
COLLECT_GCC=powerpc64-ps3-elf-g++
COLLECT_LTO_WRAPPER=/usr/local/ps3dev/ppu/libexec/gcc/powerpc64-ps3-elf/7.2.0/lto-wrapper
Target: powerpc64-ps3-elf
Configured with: ../configure --prefix=/usr/local/ps3dev/ppu --target=powerpc64-ps3-elf --disable-dependency-tracking --disable-libcc1 --disable-libstdcxx-pch --disable-multilib --disable-nls --disable-shared --disable-win32-registry --enable-languages=c,c++ --enable-long-double-128 --enable-lto --enable-threads --with-cpu=cell --with-newlib --enable-newlib-multithread --enable-newlib-hw-fp --with-system-zlib
Thread model: single
gcc version 7.2.0 (GCC) 
configure:13366: $? = 0
configure:13355: powerpc64-ps3-elf-g++ -V >&5
powerpc64-ps3-elf-g++: error: unrecognized command line option '-V'
powerpc64-ps3-elf-g++: fatal error: no input files
compilation terminated.
configure:13366: $? = 1
configure:13355: powerpc64-ps3-elf-g++ -qversion >&5
powerpc64-ps3-elf-g++: error: unrecognized command line option '-qversion'; did you mean '--version'?
powerpc64-ps3-elf-g++: fatal error: no input files
compilation terminated.
configure:13366: $? = 1
configure:13370: checking whether the compiler supports GNU C++
configure:13390: powerpc64-ps3-elf-g++ -c   conftest.cpp >&5
configure:13390: $? = 0
configure:13400: result: yes
configure:13411: checking whether powerpc64-ps3-elf-g++ accepts -g
configure:13432: powerpc64-ps3-elf-g++ -c -g  conftest.cpp >&5
configure:13432: $? = 0
configure:13476: result: yes
configure:13496: checking for powerpc64-ps3-elf-g++ option to enable C++11 features
configure:13511: powerpc64-ps3-elf-g++  -c -g -O2  conftest.cpp >&5
configure:13511: $? = 0
configure:13529: result: none needed
configure:13611: checking how to run the C++ preprocessor
configure:13633: powerpc64-ps3-elf-g++ -E  conftest.cpp
configure:13633: $? = 0
configure:13648: powerpc64-ps3-elf-g++ -E  conftest.cpp
conftest.cpp:20:10: fatal error: ac_nonexistent.h: No such file or directory
 #include <ac_nonexistent.h>
          ^~~~~~~~~~~~~~~~~~
compilation terminated.
configure:13648: $? = 1
configure: failed program was:
| /* confdefs.h */
| #define PACKAGE_NAME ""
| #define PACKAGE_TARNAME ""
| #define PACKAGE_VERSION ""
| #define PACKAGE_STRING ""
| #define PACKAGE_BUGREPORT ""
| #define PACKAGE_URL ""
| #define HAVE_STDIO_H 1
| #define HAVE_STDLIB_H 1
| #define HAVE_STRING_H 1
| #define HAVE_INTTYPES_H 1
| #define HAVE_STDINT_H 1
| #define HAVE_STRINGS_H 1
| #define HAVE_SYS_STAT_H 1
| #define HAVE_SYS_TYPES_H 1
| #define HAVE_UNISTD_H 1
| #define STDC_HEADERS 1
| #define LT_OBJDIR ".libs/"
| /* end confdefs.h.  */
| #include <ac_nonexistent.h>
configure:13675: result: powerpc64-ps3-elf-g++ -E
configure:13689: powerpc64-ps3-elf-g++ -E  conftest.cpp
configure:13689: $? = 0
configure:13704: powerpc64-ps3-elf-g++ -E  conftest.cpp
conftest.cpp:20:10: fatal error: ac_nonexistent.h: No such file or directory
 #include <ac_nonexistent.h>
          ^~~~~~~~~~~~~~~~~~
compilation terminated.
configure:13704: $? = 1
configure: failed program was:
| /* confdefs.h */
| #define PACKAGE_NAME ""
| #define PACKAGE_TARNAME ""
| #define PACKAGE_VERSION ""
| #define PACKAGE_STRING ""
| #define PACKAGE_BUGREPORT ""
| #define PACKAGE_URL ""
| #define HAVE_STDIO_H 1
| #define HAVE_STDLIB_H 1
| #define HAVE_STRING_H 1
| #define HAVE_INTTYPES_H 1
| #define HAVE_STDINT_H 1
| #define HAVE_STRINGS_H 1
| #define HAVE_SYS_STAT_H 1
| #define HAVE_SYS_TYPES_H 1
| #define HAVE_UNISTD_H 1
| #define STDC_HEADERS 1
| #define LT_OBJDIR ".libs/"
| /* end confdefs.h.  */
| #include <ac_nonexistent.h>
configure:13876: checking for ld used by powerpc64-ps3-elf-g++
configure:13944: result: /usr/local/ps3dev/ppu/powerpc64-ps3-elf/bin/ld
configure:13951: checking if the linker (/usr/local/ps3dev/ppu/powerpc64-ps3-elf/bin/ld) is GNU ld
configure:13967: result: yes
configure:14022: checking whether the powerpc64-ps3-elf-g++ linker (/usr/local/ps3dev/ppu/powerpc64-ps3-elf/bin/ld) supports shared libraries
configure:15031: result: no
configure:15067: powerpc64-ps3-elf-g++ -c -g -O2  conftest.cpp >&5
configure:15070: $? = 0
configure:15590: checking for powerpc64-ps3-elf-g++ option to produce PIC
configure:15598: result: -fPIC -DPIC
configure:15606: checking if powerpc64-ps3-elf-g++ PIC flag -fPIC -DPIC works
configure:15625: powerpc64-ps3-elf-g++ -c -g -O2  -fPIC -DPIC -DPIC conftest.cpp >&5
configure:15629: $? = 0
configure:15642: result: yes
configure:15665: checking if powerpc64-ps3-elf-g++ static flag -static works
configure:15694: result: yes
configure:15706: checking if powerpc64-ps3-elf-g++ supports -c -o file.o
configure:15728: powerpc64-ps3-elf-g++ -c -g -O2  -o out/conftest2.o conftest.cpp >&5
configure:15732: $? = 0
configure:15754: result: yes
configure:15759: checking if powerpc64-ps3-elf-g++ supports -c -o file.o
configure:15807: result: yes
configure:15837: checking whether the powerpc64-ps3-elf-g++ linker (/usr/local/ps3dev/ppu/powerpc64-ps3-elf/bin/ld) supports shared libraries
configure:15873: result: no
configure:16015: checking dynamic linker characteristics
configure:16687: result: no
configure:16740: checking how to hardcode library paths into programs
configure:16765: result: immediate
configure:16820: checking for a BSD-compatible install
configure:16893: result: /usr/bin/install -c
configure:16904: checking whether make sets $(MAKE)
configure:16927: result: yes
configure:16947: checking for powerpc64-ps3-elf-pkg-config
configure:16985: result: no
configure:16995: checking for pkg-config
configure:17018: found /usr/bin/pkg-config
configure:17030: result: /usr/bin/pkg-config
configure:17042: WARNING: using cross tools not prefixed with host triplet
configure:17055: checking pkg-config is at least version 0.9.0
configure:17058: result: yes
configure:17198: checking for an ANSI C-conforming const
configure:17265: powerpc64-ps3-elf-gcc -c -O2 -Wall -I/usr/local/ps3dev/ppu/include -Iinclude -I/mnt/c/SDL2PSL1GHT/include -idirafter /mnt/c/SDL2PSL1GHT/src/video/khronos   -Iinclude -I/mnt/c/SDL2PSL1GHT/include -idirafter /mnt/c/SDL2PSL1GHT/src/video/khronos  conftest.c >&5
configure:17265: $? = 0
configure:17273: result: yes
configure:17281: checking for inline
configure:17298: powerpc64-ps3-elf-gcc -c -O2 -Wall -I/usr/local/ps3dev/ppu/include -Iinclude -I/mnt/c/SDL2PSL1GHT/include -idirafter /mnt/c/SDL2PSL1GHT/src/video/khronos   -Iinclude -I/mnt/c/SDL2PSL1GHT/include -idirafter /mnt/c/SDL2PSL1GHT/src/video/khronos  conftest.c >&5
configure:17298: $? = 0
configure:17307: result: inline
configure:17325: checking for working volatile
configure:17345: powerpc64-ps3-elf-gcc -c -O2 -Wall -I/usr/local/ps3dev/ppu/include -Iinclude -I/mnt/c/SDL2PSL1GHT/include -idirafter /mnt/c/SDL2PSL1GHT/src/video/khronos   -Iinclude -I/mnt/c/SDL2PSL1GHT/include -idirafter /mnt/c/SDL2PSL1GHT/src/video/khronos  conftest.c >&5
configure:17345: $? = 0
configure:17353: result: yes
configure:17408: checking for GCC -MMD -MT option
configure:17426: powerpc64-ps3-elf-gcc -c -O2 -Wall -I/usr/local/ps3dev/ppu/include -Iinclude -I/mnt/c/SDL2PSL1GHT/include -idirafter /mnt/c/SDL2PSL1GHT/src/video/khronos   -Iinclude -I/mnt/c/SDL2PSL1GHT/include -idirafter /mnt/c/SDL2PSL1GHT/src/video/khronos  conftest.c >&5
configure:17426: $? = 0
configure:17433: result: yes
configure:17441: checking for linker option --no-undefined
configure:17464: powerpc64-ps3-elf-gcc -o conftest -O2 -Wall -I/usr/local/ps3dev/ppu/include -Iinclude -I/mnt/c/SDL2PSL1GHT/include -idirafter /mnt/c/SDL2PSL1GHT/src/video/khronos   -Iinclude -I/mnt/c/SDL2PSL1GHT/include -idirafter /mnt/c/SDL2PSL1GHT/src/video/khronos  -L/usr/local/ps3dev/ppu/lib -lrt -llv2 -Wl,--no-undefined conftest.c  >&5
configure:17464: $? = 0
configure:17476: result: yes
configure:17479: checking for linker option --dynamicbase
configure:17499: powerpc64-ps3-elf-gcc -o conftest -O2 -Wall -I/usr/local/ps3dev/ppu/include -Iinclude -I/mnt/c/SDL2PSL1GHT/include -idirafter /mnt/c/SDL2PSL1GHT/src/video/khronos   -Iinclude -I/mnt/c/SDL2PSL1GHT/include -idirafter /mnt/c/SDL2PSL1GHT/src/video/khronos  -L/usr/local/ps3dev/ppu/lib -lrt -llv2 -Wl,--dynamicbase conftest.c  >&5
/usr/local/ps3dev/ppu/lib/gcc/powerpc64-ps3-elf/7.2.0/../../../../powerpc64-ps3-elf/bin/ld: unrecognized option '--dynamicbase'
/usr/local/ps3dev/ppu/lib/gcc/powerpc64-ps3-elf/7.2.0/../../../../powerpc64-ps3-elf/bin/ld: use the --help option for usage information
collect2: error: ld returned 1 exit status
configure:17499: $? = 1
configure: failed program was:
| /* confdefs.h */
| #define PACKAGE_NAME ""
| #define PACKAGE_TARNAME ""
| #define PACKAGE_VERSION ""
| #define PACKAGE_STRING ""
| #define PACKAGE_BUGREPORT ""
| #define PACKAGE_URL ""
| #define HAVE_STDIO_H 1
| #define HAVE_STDLIB_H 1
| #define HAVE_STRING_H 1
| #define HAVE_INTTYPES_H 1
| #define HAVE_STDINT_H 1
| #define HAVE_STRINGS_H 1
| #define HAVE_SYS_STAT_H 1
| #define HAVE_SYS_TYPES_H 1
| #define HAVE_UNISTD_H 1
| #define STDC_HEADERS 1
| #define LT_OBJDIR ".libs/"
| /* end confdefs.h.  */
| 
| 
| int
| main (void)
| {
| 
| 
|   ;
|   return 0;
| }
configure:17511: result: no
configure:17514: checking for linker option --nxcompat
configure:17534: powerpc64-ps3-elf-gcc -o conftest -O2 -Wall -I/usr/local/ps3dev/ppu/include -Iinclude -I/mnt/c/SDL2PSL1GHT/include -idirafter /mnt/c/SDL2PSL1GHT/src/video/khronos   -Iinclude -I/mnt/c/SDL2PSL1GHT/include -idirafter /mnt/c/SDL2PSL1GHT/src/video/khronos  -L/usr/local/ps3dev/ppu/lib -lrt -llv2 -Wl,--nxcompat conftest.c  >&5
/usr/local/ps3dev/ppu/lib/gcc/powerpc64-ps3-elf/7.2.0/../../../../powerpc64-ps3-elf/bin/ld: unrecognized option '--nxcompat'
/usr/local/ps3dev/ppu/lib/gcc/powerpc64-ps3-elf/7.2.0/../../../../powerpc64-ps3-elf/bin/ld: use the --help option for usage information
collect2: error: ld returned 1 exit status
configure:17534: $? = 1
configure: failed program was:
| /* confdefs.h */
| #define PACKAGE_NAME ""
| #define PACKAGE_TARNAME ""
| #define PACKAGE_VERSION ""
| #define PACKAGE_STRING ""
| #define PACKAGE_BUGREPORT ""
| #define PACKAGE_URL ""
| #define HAVE_STDIO_H 1
| #define HAVE_STDLIB_H 1
| #define HAVE_STRING_H 1
| #define HAVE_INTTYPES_H 1
| #define HAVE_STDINT_H 1
| #define HAVE_STRINGS_H 1
| #define HAVE_SYS_STAT_H 1
| #define HAVE_SYS_TYPES_H 1
| #define HAVE_UNISTD_H 1
| #define STDC_HEADERS 1
| #define LT_OBJDIR ".libs/"
| /* end confdefs.h.  */
| 
| 
| int
| main (void)
| {
| 
| 
|   ;
|   return 0;
| }
configure:17546: result: no
configure:17549: checking for linker option --high-entropy-va
configure:17569: powerpc64-ps3-elf-gcc -o conftest -O2 -Wall -I/usr/local/ps3dev/ppu/include -Iinclude -I/mnt/c/SDL2PSL1GHT/include -idirafter /mnt/c/SDL2PSL1GHT/src/video/khronos   -Iinclude -I/mnt/c/SDL2PSL1GHT/include -idirafter /mnt/c/SDL2PSL1GHT/src/video/khronos  -L/usr/local/ps3dev/ppu/lib -lrt -llv2 -Wl,--high-entropy-va conftest.c  >&5
/usr/local/ps3dev/ppu/lib/gcc/powerpc64-ps3-elf/7.2.0/../../../../powerpc64-ps3-elf/bin/ld: unrecognized option '--high-entropy-va'
/usr/local/ps3dev/ppu/lib/gcc/powerpc64-ps3-elf/7.2.0/../../../../powerpc64-ps3-elf/bin/ld: use the --help option for usage information
collect2: error: ld returned 1 exit status
configure:17569: $? = 1
configure: failed program was:
| /* confdefs.h */
| #define PACKAGE_NAME ""
| #define PACKAGE_TARNAME ""
| #define PACKAGE_VERSION ""
| #define PACKAGE_STRING ""
| #define PACKAGE_BUGREPORT ""
| #define PACKAGE_URL ""
| #define HAVE_STDIO_H 1
| #define HAVE_STDLIB_H 1
| #define HAVE_STRING_H 1
| #define HAVE_INTTYPES_H 1
| #define HAVE_STDINT_H 1
| #define HAVE_STRINGS_H 1
| #define HAVE_SYS_STAT_H 1
| #define HAVE_SYS_TYPES_H 1
| #define HAVE_UNISTD_H 1
| #define STDC_HEADERS 1
| #define LT_OBJDIR ".libs/"
| /* end confdefs.h.  */
| 
| 
| int
| main (void)
| {
| 
| 
|   ;
|   return 0;
| }
configure:17581: result: no
configure:17600: checking for egrep
configure:17668: result: /usr/bin/grep -E
configure:17674: checking for sys/types.h
configure:17674: result: yes
configure:17680: checking for stdio.h
configure:17680: result: yes
configure:17686: checking for stdlib.h
configure:17686: result: yes
configure:17692: checking for stddef.h
configure:17692: powerpc64-ps3-elf-gcc -c -O2 -Wall -I/usr/local/ps3dev/ppu/include -Iinclude -I/mnt/c/SDL2PSL1GHT/include -idirafter /mnt/c/SDL2PSL1GHT/src/video/khronos   -Iinclude -I/mnt/c/SDL2PSL1GHT/include -idirafter /mnt/c/SDL2PSL1GHT/src/video/khronos  conftest.c >&5
configure:17692: $? = 0
configure:17692: result: yes
configure:17698: checking for stdarg.h
configure:17698: powerpc64-ps3-elf-gcc -c -O2 -Wall -I/usr/local/ps3dev/ppu/include -Iinclude -I/mnt/c/SDL2PSL1GHT/include -idirafter /mnt/c/SDL2PSL1GHT/src/video/khronos   -Iinclude -I/mnt/c/SDL2PSL1GHT/include -idirafter /mnt/c/SDL2PSL1GHT/src/video/khronos  conftest.c >&5
configure:17698: $? = 0
configure:17698: result: yes
configure:17704: checking for malloc.h
configure:17704: powerpc64-ps3-elf-gcc -c -O2 -Wall -I/usr/local/ps3dev/ppu/include -Iinclude -I/mnt/c/SDL2PSL1GHT/include -idirafter /mnt/c/SDL2PSL1GHT/src/video/khronos   -Iinclude -I/mnt/c/SDL2PSL1GHT/include -idirafter /mnt/c/SDL2PSL1GHT/src/video/khronos  conftest.c >&5
configure:17704: $? = 0
configure:17704: result: yes
configure:17710: checking for memory.h
configure:17710: powerpc64-ps3-elf-gcc -c -O2 -Wall -I/usr/local/ps3dev/ppu/include -Iinclude -I/mnt/c/SDL2PSL1GHT/include -idirafter /mnt/c/SDL2PSL1GHT/src/video/khronos   -Iinclude -I/mnt/c/SDL2PSL1GHT/include -idirafter /mnt/c/SDL2PSL1GHT/src/video/khronos  conftest.c >&5
conftest.c:55:10: fatal error: memory.h: No such file or directory
 #include <memory.h>
          ^~~~~~~~~~
compilation terminated.
configure:17710: $? = 1
configure: failed program was:
| /* confdefs.h */
| #define PACKAGE_NAME ""
| #define PACKAGE_TARNAME ""
| #define PACKAGE_VERSION ""
| #define PACKAGE_STRING ""
| #define PACKAGE_BUGREPORT ""
| #define PACKAGE_URL ""
| #define HAVE_STDIO_H 1
| #define HAVE_STDLIB_H 1
| #define HAVE_STRING_H 1
| #define HAVE_INTTYPES_H 1
| #define HAVE_STDINT_H 1
| #define HAVE_STRINGS_H 1
| #define HAVE_SYS_STAT_H 1
| #define HAVE_SYS_TYPES_H 1
| #define HAVE_UNISTD_H 1
| #define STDC_HEADERS 1
| #define LT_OBJDIR ".libs/"
| #define HAVE_LIBC 1
| #define HAVE_SYS_TYPES_H 1
| #define HAVE_STDIO_H 1
| #define HAVE_STDLIB_H 1
| #define HAVE_STDDEF_H 1
| #define HAVE_STDARG_H 1
| #define HAVE_MALLOC_H 1
| /* end confdefs.h.  */
| #include <stddef.h>
| #ifdef HAVE_STDIO_H
| # include <stdio.h>
| #endif
| #ifdef HAVE_STDLIB_H
| # include <stdlib.h>
| #endif
| #ifdef HAVE_STRING_H
| # include <string.h>
| #endif
| #ifdef HAVE_INTTYPES_H
| # include <inttypes.h>
| #endif
| #ifdef HAVE_STDINT_H
| # include <stdint.h>
| #endif
| #ifdef HAVE_STRINGS_H
| # include <strings.h>
| #endif
| #ifdef HAVE_SYS_TYPES_H
| # include <sys/types.h>
| #endif
| #ifdef HAVE_SYS_STAT_H
| # include <sys/stat.h>
| #endif
| #ifdef HAVE_UNISTD_H
| # include <unistd.h>
| #endif
| #include <memory.h>
configure:17710: result: no
configure:17716: checking for string.h
configure:17716: result: yes
configure:17722: checking for strings.h
configure:17722: result: yes
configure:17728: checking for wchar.h
configure:17728: powerpc64-ps3-elf-gcc -c -O2 -Wall -I/usr/local/ps3dev/ppu/include -Iinclude -I/mnt/c/SDL2PSL1GHT/include -idirafter /mnt/c/SDL2PSL1GHT/src/video/khronos   -Iinclude -I/mnt/c/SDL2PSL1GHT/include -idirafter /mnt/c/SDL2PSL1GHT/src/video/khronos  conftest.c >&5
configure:17728: $? = 0
configure:17728: result: yes
configure:17734: checking for inttypes.h
configure:17734: result: yes
configure:17740: checking for stdint.h
configure:17740: result: yes
configure:17746: checking for limits.h
configure:17746: powerpc64-ps3-elf-gcc -c -O2 -Wall -I/usr/local/ps3dev/ppu/include -Iinclude -I/mnt/c/SDL2PSL1GHT/include -idirafter /mnt/c/SDL2PSL1GHT/src/video/khronos   -Iinclude -I/mnt/c/SDL2PSL1GHT/include -idirafter /mnt/c/SDL2PSL1GHT/src/video/khronos  conftest.c >&5
configure:17746: $? = 0
configure:17746: result: yes
configure:17752: checking for ctype.h
configure:17752: powerpc64-ps3-elf-gcc -c -O2 -Wall -I/usr/local/ps3dev/ppu/include -Iinclude -I/mnt/c/SDL2PSL1GHT/include -idirafter /mnt/c/SDL2PSL1GHT/src/video/khronos   -Iinclude -I/mnt/c/SDL2PSL1GHT/include -idirafter /mnt/c/SDL2PSL1GHT/src/video/khronos  conftest.c >&5
configure:17752: $? = 0
configure:17752: result: yes
configure:17758: checking for math.h
configure:17758: powerpc64-ps3-elf-gcc -c -O2 -Wall -I/usr/local/ps3dev/ppu/include -Iinclude -I/mnt/c/SDL2PSL1GHT/include -idirafter /mnt/c/SDL2PSL1GHT/src/video/khronos   -Iinclude -I/mnt/c/SDL2PSL1GHT/include -idirafter /mnt/c/SDL2PSL1GHT/src/video/khronos  conftest.c >&5
configure:17758: $? = 0
configure:17758: result: yes
configure:17764: checking for float.h
configure:17764: powerpc64-ps3-elf-gcc -c -O2 -Wall -I/usr/local/ps3dev/ppu/include -Iinclude -I/mnt/c/SDL2PSL1GHT/include -idirafter /mnt/c/SDL2PSL1GHT/src/video/khronos   -Iinclude -I/mnt/c/SDL2PSL1GHT/include -idirafter /mnt/c/SDL2PSL1GHT/src/video/khronos  conftest.c >&5
configure:17764: $? = 0
configure:17764: result: yes
configure:17770: checking for iconv.h
configure:17770: powerpc64-ps3-elf-gcc -c -O2 -Wall -I/usr/local/ps3dev/ppu/include -Iinclude -I/mnt/c/SDL2PSL1GHT/include -idirafter /mnt/c/SDL2PSL1GHT/src/video/khronos   -Iinclude -I/mnt/c/SDL2PSL1GHT/include -idirafter /mnt/c/SDL2PSL1GHT/src/video/khronos  conftest.c >&5
configure:17770: $? = 0
configure:17770: result: yes
configure:17776: checking for signal.h
configure:17776: powerpc64-ps3-elf-gcc -c -O2 -Wall -I/usr/local/ps3dev/ppu/include -Iinclude -I/mnt/c/SDL2PSL1GHT/include -idirafter /mnt/c/SDL2PSL1GHT/src/video/khronos   -Iinclude -I/mnt/c/SDL2PSL1GHT/include -idirafter /mnt/c/SDL2PSL1GHT/src/video/khronos  conftest.c >&5
configure:17776: $? = 0
configure:17776: result: yes
configure:17784: checking for size_t
configure:17784: powerpc64-ps3-elf-gcc -c -O2 -Wall -I/usr/local/ps3dev/ppu/include -Iinclude -I/mnt/c/SDL2PSL1GHT/include -idirafter /mnt/c/SDL2PSL1GHT/src/video/khronos   -Iinclude -I/mnt/c/SDL2PSL1GHT/include -idirafter /mnt/c/SDL2PSL1GHT/src/video/khronos  conftest.c >&5
configure:17784: $? = 0
configure:17784: powerpc64-ps3-elf-gcc -c -O2 -Wall -I/usr/local/ps3dev/ppu/include -Iinclude -I/mnt/c/SDL2PSL1GHT/include -idirafter /mnt/c/SDL2PSL1GHT/src/video/khronos   -Iinclude -I/mnt/c/SDL2PSL1GHT/include -idirafter /mnt/c/SDL2PSL1GHT/src/video/khronos  conftest.c >&5
conftest.c: In function 'main':
conftest.c:69:21: error: expected expression before ')' token
 if (sizeof ((size_t)))
                     ^
configure:17784: $? = 1
configure: failed program was:
| /* confdefs.h */
| #define PACKAGE_NAME ""
| #define PACKAGE_TARNAME ""
| #define PACKAGE_VERSION ""
| #define PACKAGE_STRING ""
| #define PACKAGE_BUGREPORT ""
| #define PACKAGE_URL ""
| #define HAVE_STDIO_H 1
| #define HAVE_STDLIB_H 1
| #define HAVE_STRING_H 1
| #define HAVE_INTTYPES_H 1
| #define HAVE_STDINT_H 1
| #define HAVE_STRINGS_H 1
| #define HAVE_SYS_STAT_H 1
| #define HAVE_SYS_TYPES_H 1
| #define HAVE_UNISTD_H 1
| #define STDC_HEADERS 1
| #define LT_OBJDIR ".libs/"
| #define HAVE_LIBC 1
| #define HAVE_SYS_TYPES_H 1
| #define HAVE_STDIO_H 1
| #define HAVE_STDLIB_H 1
| #define HAVE_STDDEF_H 1
| #define HAVE_STDARG_H 1
| #define HAVE_MALLOC_H 1
| #define HAVE_STRING_H 1
| #define HAVE_STRINGS_H 1
| #define HAVE_WCHAR_H 1
| #define HAVE_INTTYPES_H 1
| #define HAVE_STDINT_H 1
| #define HAVE_LIMITS_H 1
| #define HAVE_CTYPE_H 1
| #define HAVE_MATH_H 1
| #define HAVE_FLOAT_H 1
| #define HAVE_ICONV_H 1
| #define HAVE_SIGNAL_H 1
| /* end confdefs.h.  */
| #include <stddef.h>
| #ifdef HAVE_STDIO_H
| # include <stdio.h>
| #endif
| #ifdef HAVE_STDLIB_H
| # include <stdlib.h>
| #endif
| #ifdef HAVE_STRING_H
| # include <string.h>
| #endif
| #ifdef HAVE_INTTYPES_H
| # include <inttypes.h>
| #endif
| #ifdef HAVE_STDINT_H
| # include <stdint.h>
| #endif
| #ifdef HAVE_STRINGS_H
| # include <strings.h>
| #endif
| #ifdef HAVE_SYS_TYPES_H
| # include <sys/types.h>
| #endif
| #ifdef HAVE_SYS_STAT_H
| # include <sys/stat.h>
| #endif
| #ifdef HAVE_UNISTD_H
| # include <unistd.h>
| #endif
| int
| main (void)
| {
| if (sizeof ((size_t)))
| 	    return 0;
|   ;
|   return 0;
| }
configure:17784: result: yes
configure:17795: checking for M_PI in math.h
configure:17807: checking how to run the C preprocessor
configure:17871: powerpc64-ps3-elf-gcc -E  -Iinclude -I/mnt/c/SDL2PSL1GHT/include -idirafter /mnt/c/SDL2PSL1GHT/src/video/khronos  conftest.c
configure:17871: $? = 0
configure:17886: powerpc64-ps3-elf-gcc -E  -Iinclude -I/mnt/c/SDL2PSL1GHT/include -idirafter /mnt/c/SDL2PSL1GHT/src/video/khronos  conftest.c
conftest.c:38:10: fatal error: ac_nonexistent.h: No such file or directory
 #include <ac_nonexistent.h>
          ^~~~~~~~~~~~~~~~~~
compilation terminated.
configure:17886: $? = 1
configure: failed program was:
| /* confdefs.h */
| #define PACKAGE_NAME ""
| #define PACKAGE_TARNAME ""
| #define PACKAGE_VERSION ""
| #define PACKAGE_STRING ""
| #define PACKAGE_BUGREPORT ""
| #define PACKAGE_URL ""
| #define HAVE_STDIO_H 1
| #define HAVE_STDLIB_H 1
| #define HAVE_STRING_H 1
| #define HAVE_INTTYPES_H 1
| #define HAVE_STDINT_H 1
| #define HAVE_STRINGS_H 1
| #define HAVE_SYS_STAT_H 1
| #define HAVE_SYS_TYPES_H 1
| #define HAVE_UNISTD_H 1
| #define STDC_HEADERS 1
| #define LT_OBJDIR ".libs/"
| #define HAVE_LIBC 1
| #define HAVE_SYS_TYPES_H 1
| #define HAVE_STDIO_H 1
| #define HAVE_STDLIB_H 1
| #define HAVE_STDDEF_H 1
| #define HAVE_STDARG_H 1
| #define HAVE_MALLOC_H 1
| #define HAVE_STRING_H 1
| #define HAVE_STRINGS_H 1
| #define HAVE_WCHAR_H 1
| #define HAVE_INTTYPES_H 1
| #define HAVE_STDINT_H 1
| #define HAVE_LIMITS_H 1
| #define HAVE_CTYPE_H 1
| #define HAVE_MATH_H 1
| #define HAVE_FLOAT_H 1
| #define HAVE_ICONV_H 1
| #define HAVE_SIGNAL_H 1
| /* end confdefs.h.  */
| #include <ac_nonexistent.h>
configure:17913: result: powerpc64-ps3-elf-gcc -E
configure:17927: powerpc64-ps3-elf-gcc -E  -Iinclude -I/mnt/c/SDL2PSL1GHT/include -idirafter /mnt/c/SDL2PSL1GHT/src/video/khronos  conftest.c
configure:17927: $? = 0
configure:17942: powerpc64-ps3-elf-gcc -E  -Iinclude -I/mnt/c/SDL2PSL1GHT/include -idirafter /mnt/c/SDL2PSL1GHT/src/video/khronos  conftest.c
conftest.c:38:10: fatal error: ac_nonexistent.h: No such file or directory
 #include <ac_nonexistent.h>
          ^~~~~~~~~~~~~~~~~~
compilation terminated.
configure:17942: $? = 1
configure: failed program was:
| /* confdefs.h */
| #define PACKAGE_NAME ""
| #define PACKAGE_TARNAME ""
| #define PACKAGE_VERSION ""
| #define PACKAGE_STRING ""
| #define PACKAGE_BUGREPORT ""
| #define PACKAGE_URL ""
| #define HAVE_STDIO_H 1
| #define HAVE_STDLIB_H 1
| #define HAVE_STRING_H 1
| #define HAVE_INTTYPES_H 1
| #define HAVE_STDINT_H 1
| #define HAVE_STRINGS_H 1
| #define HAVE_SYS_STAT_H 1
| #define HAVE_SYS_TYPES_H 1
| #define HAVE_UNISTD_H 1
| #define STDC_HEADERS 1
| #define LT_OBJDIR ".libs/"
| #define HAVE_LIBC 1
| #define HAVE_SYS_TYPES_H 1
| #define HAVE_STDIO_H 1
| #define HAVE_STDLIB_H 1
| #define HAVE_STDDEF_H 1
| #define HAVE_STDARG_H 1
| #define HAVE_MALLOC_H 1
| #define HAVE_STRING_H 1
| #define HAVE_STRINGS_H 1
| #define HAVE_WCHAR_H 1
| #define HAVE_INTTYPES_H 1
| #define HAVE_STDINT_H 1
| #define HAVE_LIMITS_H 1
| #define HAVE_CTYPE_H 1
| #define HAVE_MATH_H 1
| #define HAVE_FLOAT_H 1
| #define HAVE_ICONV_H 1
| #define HAVE_SIGNAL_H 1
| /* end confdefs.h.  */
| #include <ac_nonexistent.h>
configure:17993: result: yes
configure:18008: checking for working alloca.h
configure:18026: powerpc64-ps3-elf-gcc -o conftest -O2 -Wall -I/usr/local/ps3dev/ppu/include -Iinclude -I/mnt/c/SDL2PSL1GHT/include -idirafter /mnt/c/SDL2PSL1GHT/src/video/khronos   -Iinclude -I/mnt/c/SDL2PSL1GHT/include -idirafter /mnt/c/SDL2PSL1GHT/src/video/khronos  -L/usr/local/ps3dev/ppu/lib -lrt -llv2 conftest.c  >&5
configure:18026: $? = 0
configure:18035: result: yes
configure:18043: checking for alloca
configure:18088: result: yes
configure:18158: checking for working memcmp
configure:18214: result: no
configure:18228: checking for working strtod
configure:18282: result: no
configure:18291: checking for pow
configure:18291: powerpc64-ps3-elf-gcc -o conftest -O2 -Wall -I/usr/local/ps3dev/ppu/include -Iinclude -I/mnt/c/SDL2PSL1GHT/include -idirafter /mnt/c/SDL2PSL1GHT/src/video/khronos   -Iinclude -I/mnt/c/SDL2PSL1GHT/include -idirafter /mnt/c/SDL2PSL1GHT/src/video/khronos  -L/usr/local/ps3dev/ppu/lib -lrt -llv2 conftest.c  >&5
conftest.c:57:6: warning: conflicting types for built-in function 'pow' [-Wbuiltin-declaration-mismatch]
 char pow ();
      ^~~
/tmp/ccG9cOrf.o:(.text.startup.main+0xc): undefined reference to `pow'
collect2: error: ld returned 1 exit status
configure:18291: $? = 1
configure: failed program was:
| /* confdefs.h */
| #define PACKAGE_NAME ""
| #define PACKAGE_TARNAME ""
| #define PACKAGE_VERSION ""
| #define PACKAGE_STRING ""
| #define PACKAGE_BUGREPORT ""
| #define PACKAGE_URL ""
| #define HAVE_STDIO_H 1
| #define HAVE_STDLIB_H 1
| #define HAVE_STRING_H 1
| #define HAVE_INTTYPES_H 1
| #define HAVE_STDINT_H 1
| #define HAVE_STRINGS_H 1
| #define HAVE_SYS_STAT_H 1
| #define HAVE_SYS_TYPES_H 1
| #define HAVE_UNISTD_H 1
| #define STDC_HEADERS 1
| #define LT_OBJDIR ".libs/"
| #define HAVE_LIBC 1
| #define HAVE_SYS_TYPES_H 1
| #define HAVE_STDIO_H 1
| #define HAVE_STDLIB_H 1
| #define HAVE_STDDEF_H 1
| #define HAVE_STDARG_H 1
| #define HAVE_MALLOC_H 1
| #define HAVE_STRING_H 1
| #define HAVE_STRINGS_H 1
| #define HAVE_WCHAR_H 1
| #define HAVE_INTTYPES_H 1
| #define HAVE_STDINT_H 1
| #define HAVE_LIMITS_H 1
| #define HAVE_CTYPE_H 1
| #define HAVE_MATH_H 1
| #define HAVE_FLOAT_H 1
| #define HAVE_ICONV_H 1
| #define HAVE_SIGNAL_H 1
| #define HAVE_M_PI /**/
| #define HAVE_ALLOCA_H 1
| #define HAVE_ALLOCA 1
| /* end confdefs.h.  */
| /* Define pow to an innocuous variant, in case <limits.h> declares pow.
|    For example, HP-UX 11i <limits.h> declares gettimeofday.  */
| #define pow innocuous_pow
| 
| /* System header to define __stub macros and hopefully few prototypes,
|    which can conflict with char pow (); below.  */
| 
| #include <limits.h>
| #undef pow
| 
| /* Override any GCC internal prototype to avoid an error.
|    Use char because int might match the return type of a GCC
|    builtin and then its argument prototype would still apply.  */
| #ifdef __cplusplus
| extern "C"
| #endif
| char pow ();
| /* The GNU C library defines this for functions which it implements
|     to always fail with ENOSYS.  Some functions are actually named
|     something starting with __ and the normal name is an alias.  */
| #if defined __stub_pow || defined __stub___pow
| choke me
| #endif
| 
| int
| main (void)
| {
| return pow ();
|   ;
|   return 0;
| }
configure:18291: result: no
configure:18298: checking for pow in -lm
configure:18321: powerpc64-ps3-elf-gcc -o conftest -O2 -Wall -I/usr/local/ps3dev/ppu/include -Iinclude -I/mnt/c/SDL2PSL1GHT/include -idirafter /mnt/c/SDL2PSL1GHT/src/video/khronos   -Iinclude -I/mnt/c/SDL2PSL1GHT/include -idirafter /mnt/c/SDL2PSL1GHT/src/video/khronos  -L/usr/local/ps3dev/ppu/lib -lrt -llv2 conftest.c -lm   >&5
conftest.c:45:6: warning: conflicting types for built-in function 'pow' [-Wbuiltin-declaration-mismatch]
 char pow ();
      ^~~
configure:18321: $? = 0
configure:18331: result: yes
configure:18350: checking for mprotect
configure:18350: powerpc64-ps3-elf-gcc -o conftest -O2 -Wall -I/usr/local/ps3dev/ppu/include -Iinclude -I/mnt/c/SDL2PSL1GHT/include -idirafter /mnt/c/SDL2PSL1GHT/src/video/khronos   -Iinclude -I/mnt/c/SDL2PSL1GHT/include -idirafter /mnt/c/SDL2PSL1GHT/src/video/khronos  -L/usr/local/ps3dev/ppu/lib -lrt -llv2 conftest.c  >&5
/tmp/cc1HUT66.o:(.text.startup.main+0xc): undefined reference to `mprotect'
collect2: error: ld returned 1 exit status
configure:18350: $? = 1
configure: failed program was:
| /* confdefs.h */
| #define PACKAGE_NAME ""
| #define PACKAGE_TARNAME ""
| #define PACKAGE_VERSION ""
| #define PACKAGE_STRING ""
| #define PACKAGE_BUGREPORT ""
| #define PACKAGE_URL ""
| #define HAVE_STDIO_H 1
| #define HAVE_STDLIB_H 1
| #define HAVE_STRING_H 1
| #define HAVE_INTTYPES_H 1
| #define HAVE_STDINT_H 1
| #define HAVE_STRINGS_H 1
| #define HAVE_SYS_STAT_H 1
| #define HAVE_SYS_TYPES_H 1
| #define HAVE_UNISTD_H 1
| #define STDC_HEADERS 1
| #define LT_OBJDIR ".libs/"
| #define HAVE_LIBC 1
| #define HAVE_SYS_TYPES_H 1
| #define HAVE_STDIO_H 1
| #define HAVE_STDLIB_H 1
| #define HAVE_STDDEF_H 1
| #define HAVE_STDARG_H 1
| #define HAVE_MALLOC_H 1
| #define HAVE_STRING_H 1
| #define HAVE_STRINGS_H 1
| #define HAVE_WCHAR_H 1
| #define HAVE_INTTYPES_H 1
| #define HAVE_STDINT_H 1
| #define HAVE_LIMITS_H 1
| #define HAVE_CTYPE_H 1
| #define HAVE_MATH_H 1
| #define HAVE_FLOAT_H 1
| #define HAVE_ICONV_H 1
| #define HAVE_SIGNAL_H 1
| #define HAVE_M_PI /**/
| #define HAVE_ALLOCA_H 1
| #define HAVE_ALLOCA 1
| /* end confdefs.h.  */
| /* Define mprotect to an innocuous variant, in case <limits.h> declares mprotect.
|    For example, HP-UX 11i <limits.h> declares gettimeofday.  */
| #define mprotect innocuous_mprotect
| 
| /* System header to define __stub macros and hopefully few prototypes,
|    which can conflict with char mprotect (); below.  */
| 
| #include <limits.h>
| #undef mprotect
| 
| /* Override any GCC internal prototype to avoid an error.
|    Use char because int might match the return type of a GCC
|    builtin and then its argument prototype would still apply.  */
| #ifdef __cplusplus
| extern "C"
| #endif
| char mprotect ();
| /* The GNU C library defines this for functions which it implements
|     to always fail with ENOSYS.  Some functions are actually named
|     something starting with __ and the normal name is an alias.  */
| #if defined __stub_mprotect || defined __stub___mprotect
| choke me
| #endif
| 
| int
| main (void)
| {
| return mprotect ();
|   ;
|   return 0;
| }
configure:18350: result: no
configure:18379: checking for malloc
configure:18379: powerpc64-ps3-elf-gcc -o conftest -O2 -Wall -I/usr/local/ps3dev/ppu/include -Iinclude -I/mnt/c/SDL2PSL1GHT/include -idirafter /mnt/c/SDL2PSL1GHT/src/video/khronos   -Iinclude -I/mnt/c/SDL2PSL1GHT/include -idirafter /mnt/c/SDL2PSL1GHT/src/video/khronos  -L/usr/local/ps3dev/ppu/lib -lrt -llv2 conftest.c  >&5
conftest.c:57:6: warning: conflicting types for built-in function 'malloc' [-Wbuiltin-declaration-mismatch]
 char malloc ();
      ^~~~~~
configure:18379: $? = 0
configure:18379: result: yes
configure:18385: checking for calloc
configure:18385: powerpc64-ps3-elf-gcc -o conftest -O2 -Wall -I/usr/local/ps3dev/ppu/include -Iinclude -I/mnt/c/SDL2PSL1GHT/include -idirafter /mnt/c/SDL2PSL1GHT/src/video/khronos   -Iinclude -I/mnt/c/SDL2PSL1GHT/include -idirafter /mnt/c/SDL2PSL1GHT/src/video/khronos  -L/usr/local/ps3dev/ppu/lib -lrt -llv2 conftest.c  >&5
conftest.c:58:6: warning: conflicting types for built-in function 'calloc' [-Wbuiltin-declaration-mismatch]
 char calloc ();
      ^~~~~~
configure:18385: $? = 0
configure:18385: result: yes
configure:18391: checking for realloc
configure:18391: powerpc64-ps3-elf-gcc -o conftest -O2 -Wall -I/usr/local/ps3dev/ppu/include -Iinclude -I/mnt/c/SDL2PSL1GHT/include -idirafter /mnt/c/SDL2PSL1GHT/src/video/khronos   -Iinclude -I/mnt/c/SDL2PSL1GHT/include -idirafter /mnt/c/SDL2PSL1GHT/src/video/khronos  -L/usr/local/ps3dev/ppu/lib -lrt -llv2 conftest.c  >&5
conftest.c:59:6: warning: conflicting types for built-in function 'realloc' [-Wbuiltin-declaration-mismatch]
 char realloc ();
      ^~~~~~~
configure:18391: $? = 0
configure:18391: result: yes
configure:18397: checking for free
configure:18397: powerpc64-ps3-elf-gcc -o conftest -O2 -Wall -I/usr/local/ps3dev/ppu/include -Iinclude -I/mnt/c/SDL2PSL1GHT/include -idirafter /mnt/c/SDL2PSL1GHT/src/video/khronos   -Iinclude -I/mnt/c/SDL2PSL1GHT/include -idirafter /mnt/c/SDL2PSL1GHT/src/video/khronos  -L/usr/local/ps3dev/ppu/lib -lrt -llv2 conftest.c  >&5
conftest.c:60:6: warning: conflicting types for built-in function 'free' [-Wbuiltin-declaration-mismatch]
 char free ();
      ^~~~
configure:18397: $? = 0
configure:18397: result: yes
configure:18403: checking for getenv
configure:18403: powerpc64-ps3-elf-gcc -o conftest -O2 -Wall -I/usr/local/ps3dev/ppu/include -Iinclude -I/mnt/c/SDL2PSL1GHT/include -idirafter /mnt/c/SDL2PSL1GHT/src/video/khronos   -Iinclude -I/mnt/c/SDL2PSL1GHT/include -idirafter /mnt/c/SDL2PSL1GHT/src/video/khronos  -L/usr/local/ps3dev/ppu/lib -lrt -llv2 conftest.c  >&5
configure:18403: $? = 0
configure:18403: result: yes
configure:18409: checking for setenv
configure:18409: powerpc64-ps3-elf-gcc -o conftest -O2 -Wall -I/usr/local/ps3dev/ppu/include -Iinclude -I/mnt/c/SDL2PSL1GHT/include -idirafter /mnt/c/SDL2PSL1GHT/src/video/khronos   -Iinclude -I/mnt/c/SDL2PSL1GHT/include -idirafter /mnt/c/SDL2PSL1GHT/src/video/khronos  -L/usr/local/ps3dev/ppu/lib -lrt -llv2 conftest.c  >&5
configure:18409: $? = 0
configure:18409: result: yes
configure:18415: checking for putenv
configure:18415: powerpc64-ps3-elf-gcc -o conftest -O2 -Wall -I/usr/local/ps3dev/ppu/include -Iinclude -I/mnt/c/SDL2PSL1GHT/include -idirafter /mnt/c/SDL2PSL1GHT/src/video/khronos   -Iinclude -I/mnt/c/SDL2PSL1GHT/include -idirafter /mnt/c/SDL2PSL1GHT/src/video/khronos  -L/usr/local/ps3dev/ppu/lib -lrt -llv2 conftest.c  >&5
configure:18415: $? = 0
configure:18415: result: yes
configure:18421: checking for unsetenv
configure:18421: powerpc64-ps3-elf-gcc -o conftest -O2 -Wall -I/usr/local/ps3dev/ppu/include -Iinclude -I/mnt/c/SDL2PSL1GHT/include -idirafter /mnt/c/SDL2PSL1GHT/src/video/khronos   -Iinclude -I/mnt/c/SDL2PSL1GHT/include -idirafter /mnt/c/SDL2PSL1GHT/src/video/khronos  -L/usr/local/ps3dev/ppu/lib -lrt -llv2 conftest.c  >&5
configure:18421: $? = 0
configure:18421: result: yes
configure:18427: checking for qsort
configure:18427: powerpc64-ps3-elf-gcc -o conftest -O2 -Wall -I/usr/local/ps3dev/ppu/include -Iinclude -I/mnt/c/SDL2PSL1GHT/include -idirafter /mnt/c/SDL2PSL1GHT/src/video/khronos   -Iinclude -I/mnt/c/SDL2PSL1GHT/include -idirafter /mnt/c/SDL2PSL1GHT/src/video/khronos  -L/usr/local/ps3dev/ppu/lib -lrt -llv2 conftest.c  >&5
configure:18427: $? = 0
configure:18427: result: yes
configure:18433: checking for abs
configure:18433: powerpc64-ps3-elf-gcc -o conftest -O2 -Wall -I/usr/local/ps3dev/ppu/include -Iinclude -I/mnt/c/SDL2PSL1GHT/include -idirafter /mnt/c/SDL2PSL1GHT/src/video/khronos   -Iinclude -I/mnt/c/SDL2PSL1GHT/include -idirafter /mnt/c/SDL2PSL1GHT/src/video/khronos  -L/usr/local/ps3dev/ppu/lib -lrt -llv2 conftest.c  >&5
conftest.c:66:6: warning: conflicting types for built-in function 'abs' [-Wbuiltin-declaration-mismatch]
 char abs ();
      ^~~
configure:18433: $? = 0
configure:18433: result: yes
configure:18439: checking for bcopy
configure:18439: powerpc64-ps3-elf-gcc -o conftest -O2 -Wall -I/usr/local/ps3dev/ppu/include -Iinclude -I/mnt/c/SDL2PSL1GHT/include -idirafter /mnt/c/SDL2PSL1GHT/src/video/khronos   -Iinclude -I/mnt/c/SDL2PSL1GHT/include -idirafter /mnt/c/SDL2PSL1GHT/src/video/khronos  -L/usr/local/ps3dev/ppu/lib -lrt -llv2 conftest.c  >&5
conftest.c:67:6: warning: conflicting types for built-in function 'bcopy' [-Wbuiltin-declaration-mismatch]
 char bcopy ();
      ^~~~~
configure:18439: $? = 0
configure:18439: result: yes
configure:18445: checking for memset
configure:18445: powerpc64-ps3-elf-gcc -o conftest -O2 -Wall -I/usr/local/ps3dev/ppu/include -Iinclude -I/mnt/c/SDL2PSL1GHT/include -idirafter /mnt/c/SDL2PSL1GHT/src/video/khronos   -Iinclude -I/mnt/c/SDL2PSL1GHT/include -idirafter /mnt/c/SDL2PSL1GHT/src/video/khronos  -L/usr/local/ps3dev/ppu/lib -lrt -llv2 conftest.c  >&5
conftest.c:68:6: warning: conflicting types for built-in function 'memset' [-Wbuiltin-declaration-mismatch]
 char memset ();
      ^~~~~~
configure:18445: $? = 0
configure:18445: result: yes
configure:18451: checking for memcpy
configure:18451: powerpc64-ps3-elf-gcc -o conftest -O2 -Wall -I/usr/local/ps3dev/ppu/include -Iinclude -I/mnt/c/SDL2PSL1GHT/include -idirafter /mnt/c/SDL2PSL1GHT/src/video/khronos   -Iinclude -I/mnt/c/SDL2PSL1GHT/include -idirafter /mnt/c/SDL2PSL1GHT/src/video/khronos  -L/usr/local/ps3dev/ppu/lib -lrt -llv2 conftest.c  >&5
conftest.c:69:6: warning: conflicting types for built-in function 'memcpy' [-Wbuiltin-declaration-mismatch]
 char memcpy ();
      ^~~~~~
configure:18451: $? = 0
configure:18451: result: yes
configure:18457: checking for memmove
configure:18457: powerpc64-ps3-elf-gcc -o conftest -O2 -Wall -I/usr/local/ps3dev/ppu/include -Iinclude -I/mnt/c/SDL2PSL1GHT/include -idirafter /mnt/c/SDL2PSL1GHT/src/video/khronos   -Iinclude -I/mnt/c/SDL2PSL1GHT/include -idirafter /mnt/c/SDL2PSL1GHT/src/video/khronos  -L/usr/local/ps3dev/ppu/lib -lrt -llv2 conftest.c  >&5
conftest.c:70:6: warning: conflicting types for built-in function 'memmove' [-Wbuiltin-declaration-mismatch]
 char memmove ();
      ^~~~~~~
configure:18457: $? = 0
configure:18457: result: yes
configure:18463: checking for wcslen
configure:18463: powerpc64-ps3-elf-gcc -o conftest -O2 -Wall -I/usr/local/ps3dev/ppu/include -Iinclude -I/mnt/c/SDL2PSL1GHT/include -idirafter /mnt/c/SDL2PSL1GHT/src/video/khronos   -Iinclude -I/mnt/c/SDL2PSL1GHT/include -idirafter /mnt/c/SDL2PSL1GHT/src/video/khronos  -L/usr/local/ps3dev/ppu/lib -lrt -llv2 conftest.c  >&5
configure:18463: $? = 0
configure:18463: result: yes
configure:18469: checking for wcslcpy
configure:18469: powerpc64-ps3-elf-gcc -o conftest -O2 -Wall -I/usr/local/ps3dev/ppu/include -Iinclude -I/mnt/c/SDL2PSL1GHT/include -idirafter /mnt/c/SDL2PSL1GHT/src/video/khronos   -Iinclude -I/mnt/c/SDL2PSL1GHT/include -idirafter /mnt/c/SDL2PSL1GHT/src/video/khronos  -L/usr/local/ps3dev/ppu/lib -lrt -llv2 conftest.c  >&5
configure:18469: $? = 0
configure:18469: result: yes
configure:18475: checking for wcslcat
configure:18475: powerpc64-ps3-elf-gcc -o conftest -O2 -Wall -I/usr/local/ps3dev/ppu/include -Iinclude -I/mnt/c/SDL2PSL1GHT/include -idirafter /mnt/c/SDL2PSL1GHT/src/video/khronos   -Iinclude -I/mnt/c/SDL2PSL1GHT/include -idirafter /mnt/c/SDL2PSL1GHT/src/video/khronos  -L/usr/local/ps3dev/ppu/lib -lrt -llv2 conftest.c  >&5
configure:18475: $? = 0
configure:18475: result: yes
configure:18481: checking for wcsdup
configure:18481: powerpc64-ps3-elf-gcc -o conftest -O2 -Wall -I/usr/local/ps3dev/ppu/include -Iinclude -I/mnt/c/SDL2PSL1GHT/include -idirafter /mnt/c/SDL2PSL1GHT/src/video/khronos   -Iinclude -I/mnt/c/SDL2PSL1GHT/include -idirafter /mnt/c/SDL2PSL1GHT/src/video/khronos  -L/usr/local/ps3dev/ppu/lib -lrt -llv2 conftest.c  >&5
configure:18481: $? = 0
configure:18481: result: yes
configure:18487: checking for wcsstr
configure:18487: powerpc64-ps3-elf-gcc -o conftest -O2 -Wall -I/usr/local/ps3dev/ppu/include -Iinclude -I/mnt/c/SDL2PSL1GHT/include -idirafter /mnt/c/SDL2PSL1GHT/src/video/khronos   -Iinclude -I/mnt/c/SDL2PSL1GHT/include -idirafter /mnt/c/SDL2PSL1GHT/src/video/khronos  -L/usr/local/ps3dev/ppu/lib -lrt -llv2 conftest.c  >&5
configure:18487: $? = 0
configure:18487: result: yes
configure:18493: checking for wcscmp
configure:18493: powerpc64-ps3-elf-gcc -o conftest -O2 -Wall -I/usr/local/ps3dev/ppu/include -Iinclude -I/mnt/c/SDL2PSL1GHT/include -idirafter /mnt/c/SDL2PSL1GHT/src/video/khronos   -Iinclude -I/mnt/c/SDL2PSL1GHT/include -idirafter /mnt/c/SDL2PSL1GHT/src/video/khronos  -L/usr/local/ps3dev/ppu/lib -lrt -llv2 conftest.c  >&5
configure:18493: $? = 0
configure:18493: result: yes
configure:18499: checking for wcsncmp
configure:18499: powerpc64-ps3-elf-gcc -o conftest -O2 -Wall -I/usr/local/ps3dev/ppu/include -Iinclude -I/mnt/c/SDL2PSL1GHT/include -idirafter /mnt/c/SDL2PSL1GHT/src/video/khronos   -Iinclude -I/mnt/c/SDL2PSL1GHT/include -idirafter /mnt/c/SDL2PSL1GHT/src/video/khronos  -L/usr/local/ps3dev/ppu/lib -lrt -llv2 conftest.c  >&5
configure:18499: $? = 0
configure:18499: result: yes
configure:18505: checking for strlen
configure:18505: powerpc64-ps3-elf-gcc -o conftest -O2 -Wall -I/usr/local/ps3dev/ppu/include -Iinclude -I/mnt/c/SDL2PSL1GHT/include -idirafter /mnt/c/SDL2PSL1GHT/src/video/khronos   -Iinclude -I/mnt/c/SDL2PSL1GHT/include -idirafter /mnt/c/SDL2PSL1GHT/src/video/khronos  -L/usr/local/ps3dev/ppu/lib -lrt -llv2 conftest.c  >&5
conftest.c:78:6: warning: conflicting types for built-in function 'strlen' [-Wbuiltin-declaration-mismatch]
 char strlen ();
      ^~~~~~
configure:18505: $? = 0
configure:18505: result: yes
configure:18511: checking for strlcpy
configure:18511: powerpc64-ps3-elf-gcc -o conftest -O2 -Wall -I/usr/local/ps3dev/ppu/include -Iinclude -I/mnt/c/SDL2PSL1GHT/include -idirafter /mnt/c/SDL2PSL1GHT/src/video/khronos   -Iinclude -I/mnt/c/SDL2PSL1GHT/include -idirafter /mnt/c/SDL2PSL1GHT/src/video/khronos  -L/usr/local/ps3dev/ppu/lib -lrt -llv2 conftest.c  >&5
configure:18511: $? = 0
configure:18511: result: yes
configure:18517: checking for strlcat
configure:18517: powerpc64-ps3-elf-gcc -o conftest -O2 -Wall -I/usr/local/ps3dev/ppu/include -Iinclude -I/mnt/c/SDL2PSL1GHT/include -idirafter /mnt/c/SDL2PSL1GHT/src/video/khronos   -Iinclude -I/mnt/c/SDL2PSL1GHT/include -idirafter /mnt/c/SDL2PSL1GHT/src/video/khronos  -L/usr/local/ps3dev/ppu/lib -lrt -llv2 conftest.c  >&5
configure:18517: $? = 0
configure:18517: result: yes
configure:18523: checking for _strrev
configure:18523: powerpc64-ps3-elf-gcc -o conftest -O2 -Wall -I/usr/local/ps3dev/ppu/include -Iinclude -I/mnt/c/SDL2PSL1GHT/include -idirafter /mnt/c/SDL2PSL1GHT/src/video/khronos   -Iinclude -I/mnt/c/SDL2PSL1GHT/include -idirafter /mnt/c/SDL2PSL1GHT/src/video/khronos  -L/usr/local/ps3dev/ppu/lib -lrt -llv2 conftest.c  >&5
/tmp/ccmZ2kIZ.o:(.text.startup.main+0xc): undefined reference to `_strrev'
collect2: error: ld returned 1 exit status
configure:18523: $? = 1
configure: failed program was:
| /* confdefs.h */
| #define PACKAGE_NAME ""
| #define PACKAGE_TARNAME ""
| #define PACKAGE_VERSION ""
| #define PACKAGE_STRING ""
| #define PACKAGE_BUGREPORT ""
| #define PACKAGE_URL ""
| #define HAVE_STDIO_H 1
| #define HAVE_STDLIB_H 1
| #define HAVE_STRING_H 1
| #define HAVE_INTTYPES_H 1
| #define HAVE_STDINT_H 1
| #define HAVE_STRINGS_H 1
| #define HAVE_SYS_STAT_H 1
| #define HAVE_SYS_TYPES_H 1
| #define HAVE_UNISTD_H 1
| #define STDC_HEADERS 1
| #define LT_OBJDIR ".libs/"
| #define HAVE_LIBC 1
| #define HAVE_SYS_TYPES_H 1
| #define HAVE_STDIO_H 1
| #define HAVE_STDLIB_H 1
| #define HAVE_STDDEF_H 1
| #define HAVE_STDARG_H 1
| #define HAVE_MALLOC_H 1
| #define HAVE_STRING_H 1
| #define HAVE_STRINGS_H 1
| #define HAVE_WCHAR_H 1
| #define HAVE_INTTYPES_H 1
| #define HAVE_STDINT_H 1
| #define HAVE_LIMITS_H 1
| #define HAVE_CTYPE_H 1
| #define HAVE_MATH_H 1
| #define HAVE_FLOAT_H 1
| #define HAVE_ICONV_H 1
| #define HAVE_SIGNAL_H 1
| #define HAVE_M_PI /**/
| #define HAVE_ALLOCA_H 1
| #define HAVE_ALLOCA 1
| #define HAVE_MALLOC 1
| #define HAVE_CALLOC 1
| #define HAVE_REALLOC 1
| #define HAVE_FREE 1
| #define HAVE_GETENV 1
| #define HAVE_SETENV 1
| #define HAVE_PUTENV 1
| #define HAVE_UNSETENV 1
| #define HAVE_QSORT 1
| #define HAVE_ABS 1
| #define HAVE_BCOPY 1
| #define HAVE_MEMSET 1
| #define HAVE_MEMCPY 1
| #define HAVE_MEMMOVE 1
| #define HAVE_WCSLEN 1
| #define HAVE_WCSLCPY 1
| #define HAVE_WCSLCAT 1
| #define HAVE_WCSDUP 1
| #define HAVE_WCSSTR 1
| #define HAVE_WCSCMP 1
| #define HAVE_WCSNCMP 1
| #define HAVE_STRLEN 1
| #define HAVE_STRLCPY 1
| #define HAVE_STRLCAT 1
| /* end confdefs.h.  */
| /* Define _strrev to an innocuous variant, in case <limits.h> declares _strrev.
|    For example, HP-UX 11i <limits.h> declares gettimeofday.  */
| #define _strrev innocuous__strrev
| 
| /* System header to define __stub macros and hopefully few prototypes,
|    which can conflict with char _strrev (); below.  */
| 
| #include <limits.h>
| #undef _strrev
| 
| /* Override any GCC internal prototype to avoid an error.
|    Use char because int might match the return type of a GCC
|    builtin and then its argument prototype would still apply.  */
| #ifdef __cplusplus
| extern "C"
| #endif
| char _strrev ();
| /* The GNU C library defines this for functions which it implements
|     to always fail with ENOSYS.  Some functions are actually named
|     something starting with __ and the normal name is an alias.  */
| #if defined __stub__strrev || defined __stub____strrev
| choke me
| #endif
| 
| int
| main (void)
| {
| return _strrev ();
|   ;
|   return 0;
| }
configure:18523: result: no
configure:18529: checking for _strupr
configure:18529: powerpc64-ps3-elf-gcc -o conftest -O2 -Wall -I/usr/local/ps3dev/ppu/include -Iinclude -I/mnt/c/SDL2PSL1GHT/include -idirafter /mnt/c/SDL2PSL1GHT/src/video/khronos   -Iinclude -I/mnt/c/SDL2PSL1GHT/include -idirafter /mnt/c/SDL2PSL1GHT/src/video/khronos  -L/usr/local/ps3dev/ppu/lib -lrt -llv2 conftest.c  >&5
/tmp/ccvxOVr1.o:(.text.startup.main+0xc): undefined reference to `_strupr'
collect2: error: ld returned 1 exit status
configure:18529: $? = 1
configure: failed program was:
| /* confdefs.h */
| #define PACKAGE_NAME ""
| #define PACKAGE_TARNAME ""
| #define PACKAGE_VERSION ""
| #define PACKAGE_STRING ""
| #define PACKAGE_BUGREPORT ""
| #define PACKAGE_URL ""
| #define HAVE_STDIO_H 1
| #define HAVE_STDLIB_H 1
| #define HAVE_STRING_H 1
| #define HAVE_INTTYPES_H 1
| #define HAVE_STDINT_H 1
| #define HAVE_STRINGS_H 1
| #define HAVE_SYS_STAT_H 1
| #define HAVE_SYS_TYPES_H 1
| #define HAVE_UNISTD_H 1
| #define STDC_HEADERS 1
| #define LT_OBJDIR ".libs/"
| #define HAVE_LIBC 1
| #define HAVE_SYS_TYPES_H 1
| #define HAVE_STDIO_H 1
| #define HAVE_STDLIB_H 1
| #define HAVE_STDDEF_H 1
| #define HAVE_STDARG_H 1
| #define HAVE_MALLOC_H 1
| #define HAVE_STRING_H 1
| #define HAVE_STRINGS_H 1
| #define HAVE_WCHAR_H 1
| #define HAVE_INTTYPES_H 1
| #define HAVE_STDINT_H 1
| #define HAVE_LIMITS_H 1
| #define HAVE_CTYPE_H 1
| #define HAVE_MATH_H 1
| #define HAVE_FLOAT_H 1
| #define HAVE_ICONV_H 1
| #define HAVE_SIGNAL_H 1
| #define HAVE_M_PI /**/
| #define HAVE_ALLOCA_H 1
| #define HAVE_ALLOCA 1
| #define HAVE_MALLOC 1
| #define HAVE_CALLOC 1
| #define HAVE_REALLOC 1
| #define HAVE_FREE 1
| #define HAVE_GETENV 1
| #define HAVE_SETENV 1
| #define HAVE_PUTENV 1
| #define HAVE_UNSETENV 1
| #define HAVE_QSORT 1
| #define HAVE_ABS 1
| #define HAVE_BCOPY 1
| #define HAVE_MEMSET 1
| #define HAVE_MEMCPY 1
| #define HAVE_MEMMOVE 1
| #define HAVE_WCSLEN 1
| #define HAVE_WCSLCPY 1
| #define HAVE_WCSLCAT 1
| #define HAVE_WCSDUP 1
| #define HAVE_WCSSTR 1
| #define HAVE_WCSCMP 1
| #define HAVE_WCSNCMP 1
| #define HAVE_STRLEN 1
| #define HAVE_STRLCPY 1
| #define HAVE_STRLCAT 1
| /* end confdefs.h.  */
| /* Define _strupr to an innocuous variant, in case <limits.h> declares _strupr.
|    For example, HP-UX 11i <limits.h> declares gettimeofday.  */
| #define _strupr innocuous__strupr
| 
| /* System header to define __stub macros and hopefully few prototypes,
|    which can conflict with char _strupr (); below.  */
| 
| #include <limits.h>
| #undef _strupr
| 
| /* Override any GCC internal prototype to avoid an error.
|    Use char because int might match the return type of a GCC
|    builtin and then its argument prototype would still apply.  */
| #ifdef __cplusplus
| extern "C"
| #endif
| char _strupr ();
| /* The GNU C library defines this for functions which it implements
|     to always fail with ENOSYS.  Some functions are actually named
|     something starting with __ and the normal name is an alias.  */
| #if defined __stub__strupr || defined __stub____strupr
| choke me
| #endif
| 
| int
| main (void)
| {
| return _strupr ();
|   ;
|   return 0;
| }
configure:18529: result: no
configure:18535: checking for _strlwr
configure:18535: powerpc64-ps3-elf-gcc -o conftest -O2 -Wall -I/usr/local/ps3dev/ppu/include -Iinclude -I/mnt/c/SDL2PSL1GHT/include -idirafter /mnt/c/SDL2PSL1GHT/src/video/khronos   -Iinclude -I/mnt/c/SDL2PSL1GHT/include -idirafter /mnt/c/SDL2PSL1GHT/src/video/khronos  -L/usr/local/ps3dev/ppu/lib -lrt -llv2 conftest.c  >&5
/tmp/ccWh8fmR.o:(.text.startup.main+0xc): undefined reference to `_strlwr'
collect2: error: ld returned 1 exit status
configure:18535: $? = 1
configure: failed program was:
| /* confdefs.h */
| #define PACKAGE_NAME ""
| #define PACKAGE_TARNAME ""
| #define PACKAGE_VERSION ""
| #define PACKAGE_STRING ""
| #define PACKAGE_BUGREPORT ""
| #define PACKAGE_URL ""
| #define HAVE_STDIO_H 1
| #define HAVE_STDLIB_H 1
| #define HAVE_STRING_H 1
| #define HAVE_INTTYPES_H 1
| #define HAVE_STDINT_H 1
| #define HAVE_STRINGS_H 1
| #define HAVE_SYS_STAT_H 1
| #define HAVE_SYS_TYPES_H 1
| #define HAVE_UNISTD_H 1
| #define STDC_HEADERS 1
| #define LT_OBJDIR ".libs/"
| #define HAVE_LIBC 1
| #define HAVE_SYS_TYPES_H 1
| #define HAVE_STDIO_H 1
| #define HAVE_STDLIB_H 1
| #define HAVE_STDDEF_H 1
| #define HAVE_STDARG_H 1
| #define HAVE_MALLOC_H 1
| #define HAVE_STRING_H 1
| #define HAVE_STRINGS_H 1
| #define HAVE_WCHAR_H 1
| #define HAVE_INTTYPES_H 1
| #define HAVE_STDINT_H 1
| #define HAVE_LIMITS_H 1
| #define HAVE_CTYPE_H 1
| #define HAVE_MATH_H 1
| #define HAVE_FLOAT_H 1
| #define HAVE_ICONV_H 1
| #define HAVE_SIGNAL_H 1
| #define HAVE_M_PI /**/
| #define HAVE_ALLOCA_H 1
| #define HAVE_ALLOCA 1
| #define HAVE_MALLOC 1
| #define HAVE_CALLOC 1
| #define HAVE_REALLOC 1
| #define HAVE_FREE 1
| #define HAVE_GETENV 1
| #define HAVE_SETENV 1
| #define HAVE_PUTENV 1
| #define HAVE_UNSETENV 1
| #define HAVE_QSORT 1
| #define HAVE_ABS 1
| #define HAVE_BCOPY 1
| #define HAVE_MEMSET 1
| #define HAVE_MEMCPY 1
| #define HAVE_MEMMOVE 1
| #define HAVE_WCSLEN 1
| #define HAVE_WCSLCPY 1
| #define HAVE_WCSLCAT 1
| #define HAVE_WCSDUP 1
| #define HAVE_WCSSTR 1
| #define HAVE_WCSCMP 1
| #define HAVE_WCSNCMP 1
| #define HAVE_STRLEN 1
| #define HAVE_STRLCPY 1
| #define HAVE_STRLCAT 1
| /* end confdefs.h.  */
| /* Define _strlwr to an innocuous variant, in case <limits.h> declares _strlwr.
|    For example, HP-UX 11i <limits.h> declares gettimeofday.  */
| #define _strlwr innocuous__strlwr
| 
| /* System header to define __stub macros and hopefully few prototypes,
|    which can conflict with char _strlwr (); below.  */
| 
| #include <limits.h>
| #undef _strlwr
| 
| /* Override any GCC internal prototype to avoid an error.
|    Use char because int might match the return type of a GCC
|    builtin and then its argument prototype would still apply.  */
| #ifdef __cplusplus
| extern "C"
| #endif
| char _strlwr ();
| /* The GNU C library defines this for functions which it implements
|     to always fail with ENOSYS.  Some functions are actually named
|     something starting with __ and the normal name is an alias.  */
| #if defined __stub__strlwr || defined __stub____strlwr
| choke me
| #endif
| 
| int
| main (void)
| {
| return _strlwr ();
|   ;
|   return 0;
| }
configure:18535: result: no
configure:18541: checking for strchr
configure:18541: powerpc64-ps3-elf-gcc -o conftest -O2 -Wall -I/usr/local/ps3dev/ppu/include -Iinclude -I/mnt/c/SDL2PSL1GHT/include -idirafter /mnt/c/SDL2PSL1GHT/src/video/khronos   -Iinclude -I/mnt/c/SDL2PSL1GHT/include -idirafter /mnt/c/SDL2PSL1GHT/src/video/khronos  -L/usr/local/ps3dev/ppu/lib -lrt -llv2 conftest.c  >&5
conftest.c:81:6: warning: conflicting types for built-in function 'strchr' [-Wbuiltin-declaration-mismatch]
 char strchr ();
      ^~~~~~
configure:18541: $? = 0
configure:18541: result: yes
configure:18547: checking for strrchr
configure:18547: powerpc64-ps3-elf-gcc -o conftest -O2 -Wall -I/usr/local/ps3dev/ppu/include -Iinclude -I/mnt/c/SDL2PSL1GHT/include -idirafter /mnt/c/SDL2PSL1GHT/src/video/khronos   -Iinclude -I/mnt/c/SDL2PSL1GHT/include -idirafter /mnt/c/SDL2PSL1GHT/src/video/khronos  -L/usr/local/ps3dev/ppu/lib -lrt -llv2 conftest.c  >&5
conftest.c:82:6: warning: conflicting types for built-in function 'strrchr' [-Wbuiltin-declaration-mismatch]
 char strrchr ();
      ^~~~~~~
configure:18547: $? = 0
configure:18547: result: yes
configure:18553: checking for strstr
configure:18553: powerpc64-ps3-elf-gcc -o conftest -O2 -Wall -I/usr/local/ps3dev/ppu/include -Iinclude -I/mnt/c/SDL2PSL1GHT/include -idirafter /mnt/c/SDL2PSL1GHT/src/video/khronos   -Iinclude -I/mnt/c/SDL2PSL1GHT/include -idirafter /mnt/c/SDL2PSL1GHT/src/video/khronos  -L/usr/local/ps3dev/ppu/lib -lrt -llv2 conftest.c  >&5
conftest.c:83:6: warning: conflicting types for built-in function 'strstr' [-Wbuiltin-declaration-mismatch]
 char strstr ();
      ^~~~~~
configure:18553: $? = 0
configure:18553: result: yes
configure:18559: checking for strtok_r
configure:18559: powerpc64-ps3-elf-gcc -o conftest -O2 -Wall -I/usr/local/ps3dev/ppu/include -Iinclude -I/mnt/c/SDL2PSL1GHT/include -idirafter /mnt/c/SDL2PSL1GHT/src/video/khronos   -Iinclude -I/mnt/c/SDL2PSL1GHT/include -idirafter /mnt/c/SDL2PSL1GHT/src/video/khronos  -L/usr/local/ps3dev/ppu/lib -lrt -llv2 conftest.c  >&5
configure:18559: $? = 0
configure:18559: result: yes
configure:18565: checking for itoa
configure:18565: powerpc64-ps3-elf-gcc -o conftest -O2 -Wall -I/usr/local/ps3dev/ppu/include -Iinclude -I/mnt/c/SDL2PSL1GHT/include -idirafter /mnt/c/SDL2PSL1GHT/src/video/khronos   -Iinclude -I/mnt/c/SDL2PSL1GHT/include -idirafter /mnt/c/SDL2PSL1GHT/src/video/khronos  -L/usr/local/ps3dev/ppu/lib -lrt -llv2 conftest.c  >&5
/tmp/cclPMWzs.o:(.text.startup.main+0xc): undefined reference to `itoa'
collect2: error: ld returned 1 exit status
configure:18565: $? = 1
configure: failed program was:
| /* confdefs.h */
| #define PACKAGE_NAME ""
| #define PACKAGE_TARNAME ""
| #define PACKAGE_VERSION ""
| #define PACKAGE_STRING ""
| #define PACKAGE_BUGREPORT ""
| #define PACKAGE_URL ""
| #define HAVE_STDIO_H 1
| #define HAVE_STDLIB_H 1
| #define HAVE_STRING_H 1
| #define HAVE_INTTYPES_H 1
| #define HAVE_STDINT_H 1
| #define HAVE_STRINGS_H 1
| #define HAVE_SYS_STAT_H 1
| #define HAVE_SYS_TYPES_H 1
| #define HAVE_UNISTD_H 1
| #define STDC_HEADERS 1
| #define LT_OBJDIR ".libs/"
| #define HAVE_LIBC 1
| #define HAVE_SYS_TYPES_H 1
| #define HAVE_STDIO_H 1
| #define HAVE_STDLIB_H 1
| #define HAVE_STDDEF_H 1
| #define HAVE_STDARG_H 1
| #define HAVE_MALLOC_H 1
| #define HAVE_STRING_H 1
| #define HAVE_STRINGS_H 1
| #define HAVE_WCHAR_H 1
| #define HAVE_INTTYPES_H 1
| #define HAVE_STDINT_H 1
| #define HAVE_LIMITS_H 1
| #define HAVE_CTYPE_H 1
| #define HAVE_MATH_H 1
| #define HAVE_FLOAT_H 1
| #define HAVE_ICONV_H 1
| #define HAVE_SIGNAL_H 1
| #define HAVE_M_PI /**/
| #define HAVE_ALLOCA_H 1
| #define HAVE_ALLOCA 1
| #define HAVE_MALLOC 1
| #define HAVE_CALLOC 1
| #define HAVE_REALLOC 1
| #define HAVE_FREE 1
| #define HAVE_GETENV 1
| #define HAVE_SETENV 1
| #define HAVE_PUTENV 1
| #define HAVE_UNSETENV 1
| #define HAVE_QSORT 1
| #define HAVE_ABS 1
| #define HAVE_BCOPY 1
| #define HAVE_MEMSET 1
| #define HAVE_MEMCPY 1
| #define HAVE_MEMMOVE 1
| #define HAVE_WCSLEN 1
| #define HAVE_WCSLCPY 1
| #define HAVE_WCSLCAT 1
| #define HAVE_WCSDUP 1
| #define HAVE_WCSSTR 1
| #define HAVE_WCSCMP 1
| #define HAVE_WCSNCMP 1
| #define HAVE_STRLEN 1
| #define HAVE_STRLCPY 1
| #define HAVE_STRLCAT 1
| #define HAVE_STRCHR 1
| #define HAVE_STRRCHR 1
| #define HAVE_STRSTR 1
| #define HAVE_STRTOK_R 1
| /* end confdefs.h.  */
| /* Define itoa to an innocuous variant, in case <limits.h> declares itoa.
|    For example, HP-UX 11i <limits.h> declares gettimeofday.  */
| #define itoa innocuous_itoa
| 
| /* System header to define __stub macros and hopefully few prototypes,
|    which can conflict with char itoa (); below.  */
| 
| #include <limits.h>
| #undef itoa
| 
| /* Override any GCC internal prototype to avoid an error.
|    Use char because int might match the return type of a GCC
|    builtin and then its argument prototype would still apply.  */
| #ifdef __cplusplus
| extern "C"
| #endif
| char itoa ();
| /* The GNU C library defines this for functions which it implements
|     to always fail with ENOSYS.  Some functions are actually named
|     something starting with __ and the normal name is an alias.  */
| #if defined __stub_itoa || defined __stub___itoa
| choke me
| #endif
| 
| int
| main (void)
| {
| return itoa ();
|   ;
|   return 0;
| }
configure:18565: result: no
configure:18571: checking for _ltoa
configure:18571: powerpc64-ps3-elf-gcc -o conftest -O2 -Wall -I/usr/local/ps3dev/ppu/include -Iinclude -I/mnt/c/SDL2PSL1GHT/include -idirafter /mnt/c/SDL2PSL1GHT/src/video/khronos   -Iinclude -I/mnt/c/SDL2PSL1GHT/include -idirafter /mnt/c/SDL2PSL1GHT/src/video/khronos  -L/usr/local/ps3dev/ppu/lib -lrt -llv2 conftest.c  >&5
/tmp/cccuvqH2.o:(.text.startup.main+0xc): undefined reference to `_ltoa'
collect2: error: ld returned 1 exit status
configure:18571: $? = 1
configure: failed program was:
| /* confdefs.h */
| #define PACKAGE_NAME ""
| #define PACKAGE_TARNAME ""
| #define PACKAGE_VERSION ""
| #define PACKAGE_STRING ""
| #define PACKAGE_BUGREPORT ""
| #define PACKAGE_URL ""
| #define HAVE_STDIO_H 1
| #define HAVE_STDLIB_H 1
| #define HAVE_STRING_H 1
| #define HAVE_INTTYPES_H 1
| #define HAVE_STDINT_H 1
| #define HAVE_STRINGS_H 1
| #define HAVE_SYS_STAT_H 1
| #define HAVE_SYS_TYPES_H 1
| #define HAVE_UNISTD_H 1
| #define STDC_HEADERS 1
| #define LT_OBJDIR ".libs/"
| #define HAVE_LIBC 1
| #define HAVE_SYS_TYPES_H 1
| #define HAVE_STDIO_H 1
| #define HAVE_STDLIB_H 1
| #define HAVE_STDDEF_H 1
| #define HAVE_STDARG_H 1
| #define HAVE_MALLOC_H 1
| #define HAVE_STRING_H 1
| #define HAVE_STRINGS_H 1
| #define HAVE_WCHAR_H 1
| #define HAVE_INTTYPES_H 1
| #define HAVE_STDINT_H 1
| #define HAVE_LIMITS_H 1
| #define HAVE_CTYPE_H 1
| #define HAVE_MATH_H 1
| #define HAVE_FLOAT_H 1
| #define HAVE_ICONV_H 1
| #define HAVE_SIGNAL_H 1
| #define HAVE_M_PI /**/
| #define HAVE_ALLOCA_H 1
| #define HAVE_ALLOCA 1
| #define HAVE_MALLOC 1
| #define HAVE_CALLOC 1
| #define HAVE_REALLOC 1
| #define HAVE_FREE 1
| #define HAVE_GETENV 1
| #define HAVE_SETENV 1
| #define HAVE_PUTENV 1
| #define HAVE_UNSETENV 1
| #define HAVE_QSORT 1
| #define HAVE_ABS 1
| #define HAVE_BCOPY 1
| #define HAVE_MEMSET 1
| #define HAVE_MEMCPY 1
| #define HAVE_MEMMOVE 1
| #define HAVE_WCSLEN 1
| #define HAVE_WCSLCPY 1
| #define HAVE_WCSLCAT 1
| #define HAVE_WCSDUP 1
| #define HAVE_WCSSTR 1
| #define HAVE_WCSCMP 1
| #define HAVE_WCSNCMP 1
| #define HAVE_STRLEN 1
| #define HAVE_STRLCPY 1
| #define HAVE_STRLCAT 1
| #define HAVE_STRCHR 1
| #define HAVE_STRRCHR 1
| #define HAVE_STRSTR 1
| #define HAVE_STRTOK_R 1
| /* end confdefs.h.  */
| /* Define _ltoa to an innocuous variant, in case <limits.h> declares _ltoa.
|    For example, HP-UX 11i <limits.h> declares gettimeofday.  */
| #define _ltoa innocuous__ltoa
| 
| /* System header to define __stub macros and hopefully few prototypes,
|    which can conflict with char _ltoa (); below.  */
| 
| #include <limits.h>
| #undef _ltoa
| 
| /* Override any GCC internal prototype to avoid an error.
|    Use char because int might match the return type of a GCC
|    builtin and then its argument prototype would still apply.  */
| #ifdef __cplusplus
| extern "C"
| #endif
| char _ltoa ();
| /* The GNU C library defines this for functions which it implements
|     to always fail with ENOSYS.  Some functions are actually named
|     something starting with __ and the normal name is an alias.  */
| #if defined __stub__ltoa || defined __stub____ltoa
| choke me
| #endif
| 
| int
| main (void)
| {
| return _ltoa ();
|   ;
|   return 0;
| }
configure:18571: result: no
configure:18577: checking for _uitoa
configure:18577: powerpc64-ps3-elf-gcc -o conftest -O2 -Wall -I/usr/local/ps3dev/ppu/include -Iinclude -I/mnt/c/SDL2PSL1GHT/include -idirafter /mnt/c/SDL2PSL1GHT/src/video/khronos   -Iinclude -I/mnt/c/SDL2PSL1GHT/include -idirafter /mnt/c/SDL2PSL1GHT/src/video/khronos  -L/usr/local/ps3dev/ppu/lib -lrt -llv2 conftest.c  >&5
/tmp/cc8dlSj6.o:(.text.startup.main+0xc): undefined reference to `_uitoa'
collect2: error: ld returned 1 exit status
configure:18577: $? = 1
configure: failed program was:
| /* confdefs.h */
| #define PACKAGE_NAME ""
| #define PACKAGE_TARNAME ""
| #define PACKAGE_VERSION ""
| #define PACKAGE_STRING ""
| #define PACKAGE_BUGREPORT ""
| #define PACKAGE_URL ""
| #define HAVE_STDIO_H 1
| #define HAVE_STDLIB_H 1
| #define HAVE_STRING_H 1
| #define HAVE_INTTYPES_H 1
| #define HAVE_STDINT_H 1
| #define HAVE_STRINGS_H 1
| #define HAVE_SYS_STAT_H 1
| #define HAVE_SYS_TYPES_H 1
| #define HAVE_UNISTD_H 1
| #define STDC_HEADERS 1
| #define LT_OBJDIR ".libs/"
| #define HAVE_LIBC 1
| #define HAVE_SYS_TYPES_H 1
| #define HAVE_STDIO_H 1
| #define HAVE_STDLIB_H 1
| #define HAVE_STDDEF_H 1
| #define HAVE_STDARG_H 1
| #define HAVE_MALLOC_H 1
| #define HAVE_STRING_H 1
| #define HAVE_STRINGS_H 1
| #define HAVE_WCHAR_H 1
| #define HAVE_INTTYPES_H 1
| #define HAVE_STDINT_H 1
| #define HAVE_LIMITS_H 1
| #define HAVE_CTYPE_H 1
| #define HAVE_MATH_H 1
| #define HAVE_FLOAT_H 1
| #define HAVE_ICONV_H 1
| #define HAVE_SIGNAL_H 1
| #define HAVE_M_PI /**/
| #define HAVE_ALLOCA_H 1
| #define HAVE_ALLOCA 1
| #define HAVE_MALLOC 1
| #define HAVE_CALLOC 1
| #define HAVE_REALLOC 1
| #define HAVE_FREE 1
| #define HAVE_GETENV 1
| #define HAVE_SETENV 1
| #define HAVE_PUTENV 1
| #define HAVE_UNSETENV 1
| #define HAVE_QSORT 1
| #define HAVE_ABS 1
| #define HAVE_BCOPY 1
| #define HAVE_MEMSET 1
| #define HAVE_MEMCPY 1
| #define HAVE_MEMMOVE 1
| #define HAVE_WCSLEN 1
| #define HAVE_WCSLCPY 1
| #define HAVE_WCSLCAT 1
| #define HAVE_WCSDUP 1
| #define HAVE_WCSSTR 1
| #define HAVE_WCSCMP 1
| #define HAVE_WCSNCMP 1
| #define HAVE_STRLEN 1
| #define HAVE_STRLCPY 1
| #define HAVE_STRLCAT 1
| #define HAVE_STRCHR 1
| #define HAVE_STRRCHR 1
| #define HAVE_STRSTR 1
| #define HAVE_STRTOK_R 1
| /* end confdefs.h.  */
| /* Define _uitoa to an innocuous variant, in case <limits.h> declares _uitoa.
|    For example, HP-UX 11i <limits.h> declares gettimeofday.  */
| #define _uitoa innocuous__uitoa
| 
| /* System header to define __stub macros and hopefully few prototypes,
|    which can conflict with char _uitoa (); below.  */
| 
| #include <limits.h>
| #undef _uitoa
| 
| /* Override any GCC internal prototype to avoid an error.
|    Use char because int might match the return type of a GCC
|    builtin and then its argument prototype would still apply.  */
| #ifdef __cplusplus
| extern "C"
| #endif
| char _uitoa ();
| /* The GNU C library defines this for functions which it implements
|     to always fail with ENOSYS.  Some functions are actually named
|     something starting with __ and the normal name is an alias.  */
| #if defined __stub__uitoa || defined __stub____uitoa
| choke me
| #endif
| 
| int
| main (void)
| {
| return _uitoa ();
|   ;
|   return 0;
| }
configure:18577: result: no
configure:18583: checking for _ultoa
configure:18583: powerpc64-ps3-elf-gcc -o conftest -O2 -Wall -I/usr/local/ps3dev/ppu/include -Iinclude -I/mnt/c/SDL2PSL1GHT/include -idirafter /mnt/c/SDL2PSL1GHT/src/video/khronos   -Iinclude -I/mnt/c/SDL2PSL1GHT/include -idirafter /mnt/c/SDL2PSL1GHT/src/video/khronos  -L/usr/local/ps3dev/ppu/lib -lrt -llv2 conftest.c  >&5
/tmp/cchAzBzA.o:(.text.startup.main+0xc): undefined reference to `_ultoa'
collect2: error: ld returned 1 exit status
configure:18583: $? = 1
configure: failed program was:
| /* confdefs.h */
| #define PACKAGE_NAME ""
| #define PACKAGE_TARNAME ""
| #define PACKAGE_VERSION ""
| #define PACKAGE_STRING ""
| #define PACKAGE_BUGREPORT ""
| #define PACKAGE_URL ""
| #define HAVE_STDIO_H 1
| #define HAVE_STDLIB_H 1
| #define HAVE_STRING_H 1
| #define HAVE_INTTYPES_H 1
| #define HAVE_STDINT_H 1
| #define HAVE_STRINGS_H 1
| #define HAVE_SYS_STAT_H 1
| #define HAVE_SYS_TYPES_H 1
| #define HAVE_UNISTD_H 1
| #define STDC_HEADERS 1
| #define LT_OBJDIR ".libs/"
| #define HAVE_LIBC 1
| #define HAVE_SYS_TYPES_H 1
| #define HAVE_STDIO_H 1
| #define HAVE_STDLIB_H 1
| #define HAVE_STDDEF_H 1
| #define HAVE_STDARG_H 1
| #define HAVE_MALLOC_H 1
| #define HAVE_STRING_H 1
| #define HAVE_STRINGS_H 1
| #define HAVE_WCHAR_H 1
| #define HAVE_INTTYPES_H 1
| #define HAVE_STDINT_H 1
| #define HAVE_LIMITS_H 1
| #define HAVE_CTYPE_H 1
| #define HAVE_MATH_H 1
| #define HAVE_FLOAT_H 1
| #define HAVE_ICONV_H 1
| #define HAVE_SIGNAL_H 1
| #define HAVE_M_PI /**/
| #define HAVE_ALLOCA_H 1
| #define HAVE_ALLOCA 1
| #define HAVE_MALLOC 1
| #define HAVE_CALLOC 1
| #define HAVE_REALLOC 1
| #define HAVE_FREE 1
| #define HAVE_GETENV 1
| #define HAVE_SETENV 1
| #define HAVE_PUTENV 1
| #define HAVE_UNSETENV 1
| #define HAVE_QSORT 1
| #define HAVE_ABS 1
| #define HAVE_BCOPY 1
| #define HAVE_MEMSET 1
| #define HAVE_MEMCPY 1
| #define HAVE_MEMMOVE 1
| #define HAVE_WCSLEN 1
| #define HAVE_WCSLCPY 1
| #define HAVE_WCSLCAT 1
| #define HAVE_WCSDUP 1
| #define HAVE_WCSSTR 1
| #define HAVE_WCSCMP 1
| #define HAVE_WCSNCMP 1
| #define HAVE_STRLEN 1
| #define HAVE_STRLCPY 1
| #define HAVE_STRLCAT 1
| #define HAVE_STRCHR 1
| #define HAVE_STRRCHR 1
| #define HAVE_STRSTR 1
| #define HAVE_STRTOK_R 1
| /* end confdefs.h.  */
| /* Define _ultoa to an innocuous variant, in case <limits.h> declares _ultoa.
|    For example, HP-UX 11i <limits.h> declares gettimeofday.  */
| #define _ultoa innocuous__ultoa
| 
| /* System header to define __stub macros and hopefully few prototypes,
|    which can conflict with char _ultoa (); below.  */
| 
| #include <limits.h>
| #undef _ultoa
| 
| /* Override any GCC internal prototype to avoid an error.
|    Use char because int might match the return type of a GCC
|    builtin and then its argument prototype would still apply.  */
| #ifdef __cplusplus
| extern "C"
| #endif
| char _ultoa ();
| /* The GNU C library defines this for functions which it implements
|     to always fail with ENOSYS.  Some functions are actually named
|     something starting with __ and the normal name is an alias.  */
| #if defined __stub__ultoa || defined __stub____ultoa
| choke me
| #endif
| 
| int
| main (void)
| {
| return _ultoa ();
|   ;
|   return 0;
| }
configure:18583: result: no
configure:18589: checking for strtol
configure:18589: powerpc64-ps3-elf-gcc -o conftest -O2 -Wall -I/usr/local/ps3dev/ppu/include -Iinclude -I/mnt/c/SDL2PSL1GHT/include -idirafter /mnt/c/SDL2PSL1GHT/src/video/khronos   -Iinclude -I/mnt/c/SDL2PSL1GHT/include -idirafter /mnt/c/SDL2PSL1GHT/src/video/khronos  -L/usr/local/ps3dev/ppu/lib -lrt -llv2 conftest.c  >&5
configure:18589: $? = 0
configure:18589: result: yes
configure:18595: checking for strtoul
configure:18595: powerpc64-ps3-elf-gcc -o conftest -O2 -Wall -I/usr/local/ps3dev/ppu/include -Iinclude -I/mnt/c/SDL2PSL1GHT/include -idirafter /mnt/c/SDL2PSL1GHT/src/video/khronos   -Iinclude -I/mnt/c/SDL2PSL1GHT/include -idirafter /mnt/c/SDL2PSL1GHT/src/video/khronos  -L/usr/local/ps3dev/ppu/lib -lrt -llv2 conftest.c  >&5
configure:18595: $? = 0
configure:18595: result: yes
configure:18601: checking for _i64toa
configure:18601: powerpc64-ps3-elf-gcc -o conftest -O2 -Wall -I/usr/local/ps3dev/ppu/include -Iinclude -I/mnt/c/SDL2PSL1GHT/include -idirafter /mnt/c/SDL2PSL1GHT/src/video/khronos   -Iinclude -I/mnt/c/SDL2PSL1GHT/include -idirafter /mnt/c/SDL2PSL1GHT/src/video/khronos  -L/usr/local/ps3dev/ppu/lib -lrt -llv2 conftest.c  >&5
/tmp/ccnV5uZd.o:(.text.startup.main+0xc): undefined reference to `_i64toa'
collect2: error: ld returned 1 exit status
configure:18601: $? = 1
configure: failed program was:
| /* confdefs.h */
| #define PACKAGE_NAME ""
| #define PACKAGE_TARNAME ""
| #define PACKAGE_VERSION ""
| #define PACKAGE_STRING ""
| #define PACKAGE_BUGREPORT ""
| #define PACKAGE_URL ""
| #define HAVE_STDIO_H 1
| #define HAVE_STDLIB_H 1
| #define HAVE_STRING_H 1
| #define HAVE_INTTYPES_H 1
| #define HAVE_STDINT_H 1
| #define HAVE_STRINGS_H 1
| #define HAVE_SYS_STAT_H 1
| #define HAVE_SYS_TYPES_H 1
| #define HAVE_UNISTD_H 1
| #define STDC_HEADERS 1
| #define LT_OBJDIR ".libs/"
| #define HAVE_LIBC 1
| #define HAVE_SYS_TYPES_H 1
| #define HAVE_STDIO_H 1
| #define HAVE_STDLIB_H 1
| #define HAVE_STDDEF_H 1
| #define HAVE_STDARG_H 1
| #define HAVE_MALLOC_H 1
| #define HAVE_STRING_H 1
| #define HAVE_STRINGS_H 1
| #define HAVE_WCHAR_H 1
| #define HAVE_INTTYPES_H 1
| #define HAVE_STDINT_H 1
| #define HAVE_LIMITS_H 1
| #define HAVE_CTYPE_H 1
| #define HAVE_MATH_H 1
| #define HAVE_FLOAT_H 1
| #define HAVE_ICONV_H 1
| #define HAVE_SIGNAL_H 1
| #define HAVE_M_PI /**/
| #define HAVE_ALLOCA_H 1
| #define HAVE_ALLOCA 1
| #define HAVE_MALLOC 1
| #define HAVE_CALLOC 1
| #define HAVE_REALLOC 1
| #define HAVE_FREE 1
| #define HAVE_GETENV 1
| #define HAVE_SETENV 1
| #define HAVE_PUTENV 1
| #define HAVE_UNSETENV 1
| #define HAVE_QSORT 1
| #define HAVE_ABS 1
| #define HAVE_BCOPY 1
| #define HAVE_MEMSET 1
| #define HAVE_MEMCPY 1
| #define HAVE_MEMMOVE 1
| #define HAVE_WCSLEN 1
| #define HAVE_WCSLCPY 1
| #define HAVE_WCSLCAT 1
| #define HAVE_WCSDUP 1
| #define HAVE_WCSSTR 1
| #define HAVE_WCSCMP 1
| #define HAVE_WCSNCMP 1
| #define HAVE_STRLEN 1
| #define HAVE_STRLCPY 1
| #define HAVE_STRLCAT 1
| #define HAVE_STRCHR 1
| #define HAVE_STRRCHR 1
| #define HAVE_STRSTR 1
| #define HAVE_STRTOK_R 1
| #define HAVE_STRTOL 1
| #define HAVE_STRTOUL 1
| /* end confdefs.h.  */
| /* Define _i64toa to an innocuous variant, in case <limits.h> declares _i64toa.
|    For example, HP-UX 11i <limits.h> declares gettimeofday.  */
| #define _i64toa innocuous__i64toa
| 
| /* System header to define __stub macros and hopefully few prototypes,
|    which can conflict with char _i64toa (); below.  */
| 
| #include <limits.h>
| #undef _i64toa
| 
| /* Override any GCC internal prototype to avoid an error.
|    Use char because int might match the return type of a GCC
|    builtin and then its argument prototype would still apply.  */
| #ifdef __cplusplus
| extern "C"
| #endif
| char _i64toa ();
| /* The GNU C library defines this for functions which it implements
|     to always fail with ENOSYS.  Some functions are actually named
|     something starting with __ and the normal name is an alias.  */
| #if defined __stub__i64toa || defined __stub____i64toa
| choke me
| #endif
| 
| int
| main (void)
| {
| return _i64toa ();
|   ;
|   return 0;
| }
configure:18601: result: no
configure:18607: checking for _ui64toa
configure:18607: powerpc64-ps3-elf-gcc -o conftest -O2 -Wall -I/usr/local/ps3dev/ppu/include -Iinclude -I/mnt/c/SDL2PSL1GHT/include -idirafter /mnt/c/SDL2PSL1GHT/src/video/khronos   -Iinclude -I/mnt/c/SDL2PSL1GHT/include -idirafter /mnt/c/SDL2PSL1GHT/src/video/khronos  -L/usr/local/ps3dev/ppu/lib -lrt -llv2 conftest.c  >&5
/tmp/ccVXY5oR.o:(.text.startup.main+0xc): undefined reference to `_ui64toa'
collect2: error: ld returned 1 exit status
configure:18607: $? = 1
configure: failed program was:
| /* confdefs.h */
| #define PACKAGE_NAME ""
| #define PACKAGE_TARNAME ""
| #define PACKAGE_VERSION ""
| #define PACKAGE_STRING ""
| #define PACKAGE_BUGREPORT ""
| #define PACKAGE_URL ""
| #define HAVE_STDIO_H 1
| #define HAVE_STDLIB_H 1
| #define HAVE_STRING_H 1
| #define HAVE_INTTYPES_H 1
| #define HAVE_STDINT_H 1
| #define HAVE_STRINGS_H 1
| #define HAVE_SYS_STAT_H 1
| #define HAVE_SYS_TYPES_H 1
| #define HAVE_UNISTD_H 1
| #define STDC_HEADERS 1
| #define LT_OBJDIR ".libs/"
| #define HAVE_LIBC 1
| #define HAVE_SYS_TYPES_H 1
| #define HAVE_STDIO_H 1
| #define HAVE_STDLIB_H 1
| #define HAVE_STDDEF_H 1
| #define HAVE_STDARG_H 1
| #define HAVE_MALLOC_H 1
| #define HAVE_STRING_H 1
| #define HAVE_STRINGS_H 1
| #define HAVE_WCHAR_H 1
| #define HAVE_INTTYPES_H 1
| #define HAVE_STDINT_H 1
| #define HAVE_LIMITS_H 1
| #define HAVE_CTYPE_H 1
| #define HAVE_MATH_H 1
| #define HAVE_FLOAT_H 1
| #define HAVE_ICONV_H 1
| #define HAVE_SIGNAL_H 1
| #define HAVE_M_PI /**/
| #define HAVE_ALLOCA_H 1
| #define HAVE_ALLOCA 1
| #define HAVE_MALLOC 1
| #define HAVE_CALLOC 1
| #define HAVE_REALLOC 1
| #define HAVE_FREE 1
| #define HAVE_GETENV 1
| #define HAVE_SETENV 1
| #define HAVE_PUTENV 1
| #define HAVE_UNSETENV 1
| #define HAVE_QSORT 1
| #define HAVE_ABS 1
| #define HAVE_BCOPY 1
| #define HAVE_MEMSET 1
| #define HAVE_MEMCPY 1
| #define HAVE_MEMMOVE 1
| #define HAVE_WCSLEN 1
| #define HAVE_WCSLCPY 1
| #define HAVE_WCSLCAT 1
| #define HAVE_WCSDUP 1
| #define HAVE_WCSSTR 1
| #define HAVE_WCSCMP 1
| #define HAVE_WCSNCMP 1
| #define HAVE_STRLEN 1
| #define HAVE_STRLCPY 1
| #define HAVE_STRLCAT 1
| #define HAVE_STRCHR 1
| #define HAVE_STRRCHR 1
| #define HAVE_STRSTR 1
| #define HAVE_STRTOK_R 1
| #define HAVE_STRTOL 1
| #define HAVE_STRTOUL 1
| /* end confdefs.h.  */
| /* Define _ui64toa to an innocuous variant, in case <limits.h> declares _ui64toa.
|    For example, HP-UX 11i <limits.h> declares gettimeofday.  */
| #define _ui64toa innocuous__ui64toa
| 
| /* System header to define __stub macros and hopefully few prototypes,
|    which can conflict with char _ui64toa (); below.  */
| 
| #include <limits.h>
| #undef _ui64toa
| 
| /* Override any GCC internal prototype to avoid an error.
|    Use char because int might match the return type of a GCC
|    builtin and then its argument prototype would still apply.  */
| #ifdef __cplusplus
| extern "C"
| #endif
| char _ui64toa ();
| /* The GNU C library defines this for functions which it implements
|     to always fail with ENOSYS.  Some functions are actually named
|     something starting with __ and the normal name is an alias.  */
| #if defined __stub__ui64toa || defined __stub____ui64toa
| choke me
| #endif
| 
| int
| main (void)
| {
| return _ui64toa ();
|   ;
|   return 0;
| }
configure:18607: result: no
configure:18613: checking for strtoll
configure:18613: powerpc64-ps3-elf-gcc -o conftest -O2 -Wall -I/usr/local/ps3dev/ppu/include -Iinclude -I/mnt/c/SDL2PSL1GHT/include -idirafter /mnt/c/SDL2PSL1GHT/src/video/khronos   -Iinclude -I/mnt/c/SDL2PSL1GHT/include -idirafter /mnt/c/SDL2PSL1GHT/src/video/khronos  -L/usr/local/ps3dev/ppu/lib -lrt -llv2 conftest.c  >&5
configure:18613: $? = 0
configure:18613: result: yes
configure:18619: checking for strtoull
configure:18619: powerpc64-ps3-elf-gcc -o conftest -O2 -Wall -I/usr/local/ps3dev/ppu/include -Iinclude -I/mnt/c/SDL2PSL1GHT/include -idirafter /mnt/c/SDL2PSL1GHT/src/video/khronos   -Iinclude -I/mnt/c/SDL2PSL1GHT/include -idirafter /mnt/c/SDL2PSL1GHT/src/video/khronos  -L/usr/local/ps3dev/ppu/lib -lrt -llv2 conftest.c  >&5
configure:18619: $? = 0
configure:18619: result: yes
configure:18625: checking for atoi
configure:18625: powerpc64-ps3-elf-gcc -o conftest -O2 -Wall -I/usr/local/ps3dev/ppu/include -Iinclude -I/mnt/c/SDL2PSL1GHT/include -idirafter /mnt/c/SDL2PSL1GHT/src/video/khronos   -Iinclude -I/mnt/c/SDL2PSL1GHT/include -idirafter /mnt/c/SDL2PSL1GHT/src/video/khronos  -L/usr/local/ps3dev/ppu/lib -lrt -llv2 conftest.c  >&5
configure:18625: $? = 0
configure:18625: result: yes
configure:18631: checking for atof
configure:18631: powerpc64-ps3-elf-gcc -o conftest -O2 -Wall -I/usr/local/ps3dev/ppu/include -Iinclude -I/mnt/c/SDL2PSL1GHT/include -idirafter /mnt/c/SDL2PSL1GHT/src/video/khronos   -Iinclude -I/mnt/c/SDL2PSL1GHT/include -idirafter /mnt/c/SDL2PSL1GHT/src/video/khronos  -L/usr/local/ps3dev/ppu/lib -lrt -llv2 conftest.c  >&5
configure:18631: $? = 0
configure:18631: result: yes
configure:18637: checking for strcmp
configure:18637: powerpc64-ps3-elf-gcc -o conftest -O2 -Wall -I/usr/local/ps3dev/ppu/include -Iinclude -I/mnt/c/SDL2PSL1GHT/include -idirafter /mnt/c/SDL2PSL1GHT/src/video/khronos   -Iinclude -I/mnt/c/SDL2PSL1GHT/include -idirafter /mnt/c/SDL2PSL1GHT/src/video/khronos  -L/usr/local/ps3dev/ppu/lib -lrt -llv2 conftest.c  >&5
conftest.c:91:6: warning: conflicting types for built-in function 'strcmp' [-Wbuiltin-declaration-mismatch]
 char strcmp ();
      ^~~~~~
configure:18637: $? = 0
configure:18637: result: yes
configure:18643: checking for strncmp
configure:18643: powerpc64-ps3-elf-gcc -o conftest -O2 -Wall -I/usr/local/ps3dev/ppu/include -Iinclude -I/mnt/c/SDL2PSL1GHT/include -idirafter /mnt/c/SDL2PSL1GHT/src/video/khronos   -Iinclude -I/mnt/c/SDL2PSL1GHT/include -idirafter /mnt/c/SDL2PSL1GHT/src/video/khronos  -L/usr/local/ps3dev/ppu/lib -lrt -llv2 conftest.c  >&5
conftest.c:92:6: warning: conflicting types for built-in function 'strncmp' [-Wbuiltin-declaration-mismatch]
 char strncmp ();
      ^~~~~~~
configure:18643: $? = 0
configure:18643: result: yes
configure:18649: checking for _stricmp
configure:18649: powerpc64-ps3-elf-gcc -o conftest -O2 -Wall -I/usr/local/ps3dev/ppu/include -Iinclude -I/mnt/c/SDL2PSL1GHT/include -idirafter /mnt/c/SDL2PSL1GHT/src/video/khronos   -Iinclude -I/mnt/c/SDL2PSL1GHT/include -idirafter /mnt/c/SDL2PSL1GHT/src/video/khronos  -L/usr/local/ps3dev/ppu/lib -lrt -llv2 conftest.c  >&5
/tmp/ccmKTUHq.o:(.text.startup.main+0xc): undefined reference to `_stricmp'
collect2: error: ld returned 1 exit status
configure:18649: $? = 1
configure: failed program was:
| /* confdefs.h */
| #define PACKAGE_NAME ""
| #define PACKAGE_TARNAME ""
| #define PACKAGE_VERSION ""
| #define PACKAGE_STRING ""
| #define PACKAGE_BUGREPORT ""
| #define PACKAGE_URL ""
| #define HAVE_STDIO_H 1
| #define HAVE_STDLIB_H 1
| #define HAVE_STRING_H 1
| #define HAVE_INTTYPES_H 1
| #define HAVE_STDINT_H 1
| #define HAVE_STRINGS_H 1
| #define HAVE_SYS_STAT_H 1
| #define HAVE_SYS_TYPES_H 1
| #define HAVE_UNISTD_H 1
| #define STDC_HEADERS 1
| #define LT_OBJDIR ".libs/"
| #define HAVE_LIBC 1
| #define HAVE_SYS_TYPES_H 1
| #define HAVE_STDIO_H 1
| #define HAVE_STDLIB_H 1
| #define HAVE_STDDEF_H 1
| #define HAVE_STDARG_H 1
| #define HAVE_MALLOC_H 1
| #define HAVE_STRING_H 1
| #define HAVE_STRINGS_H 1
| #define HAVE_WCHAR_H 1
| #define HAVE_INTTYPES_H 1
| #define HAVE_STDINT_H 1
| #define HAVE_LIMITS_H 1
| #define HAVE_CTYPE_H 1
| #define HAVE_MATH_H 1
| #define HAVE_FLOAT_H 1
| #define HAVE_ICONV_H 1
| #define HAVE_SIGNAL_H 1
| #define HAVE_M_PI /**/
| #define HAVE_ALLOCA_H 1
| #define HAVE_ALLOCA 1
| #define HAVE_MALLOC 1
| #define HAVE_CALLOC 1
| #define HAVE_REALLOC 1
| #define HAVE_FREE 1
| #define HAVE_GETENV 1
| #define HAVE_SETENV 1
| #define HAVE_PUTENV 1
| #define HAVE_UNSETENV 1
| #define HAVE_QSORT 1
| #define HAVE_ABS 1
| #define HAVE_BCOPY 1
| #define HAVE_MEMSET 1
| #define HAVE_MEMCPY 1
| #define HAVE_MEMMOVE 1
| #define HAVE_WCSLEN 1
| #define HAVE_WCSLCPY 1
| #define HAVE_WCSLCAT 1
| #define HAVE_WCSDUP 1
| #define HAVE_WCSSTR 1
| #define HAVE_WCSCMP 1
| #define HAVE_WCSNCMP 1
| #define HAVE_STRLEN 1
| #define HAVE_STRLCPY 1
| #define HAVE_STRLCAT 1
| #define HAVE_STRCHR 1
| #define HAVE_STRRCHR 1
| #define HAVE_STRSTR 1
| #define HAVE_STRTOK_R 1
| #define HAVE_STRTOL 1
| #define HAVE_STRTOUL 1
| #define HAVE_STRTOLL 1
| #define HAVE_STRTOULL 1
| #define HAVE_ATOI 1
| #define HAVE_ATOF 1
| #define HAVE_STRCMP 1
| #define HAVE_STRNCMP 1
| /* end confdefs.h.  */
| /* Define _stricmp to an innocuous variant, in case <limits.h> declares _stricmp.
|    For example, HP-UX 11i <limits.h> declares gettimeofday.  */
| #define _stricmp innocuous__stricmp
| 
| /* System header to define __stub macros and hopefully few prototypes,
|    which can conflict with char _stricmp (); below.  */
| 
| #include <limits.h>
| #undef _stricmp
| 
| /* Override any GCC internal prototype to avoid an error.
|    Use char because int might match the return type of a GCC
|    builtin and then its argument prototype would still apply.  */
| #ifdef __cplusplus
| extern "C"
| #endif
| char _stricmp ();
| /* The GNU C library defines this for functions which it implements
|     to always fail with ENOSYS.  Some functions are actually named
|     something starting with __ and the normal name is an alias.  */
| #if defined __stub__stricmp || defined __stub____stricmp
| choke me
| #endif
| 
| int
| main (void)
| {
| return _stricmp ();
|   ;
|   return 0;
| }
configure:18649: result: no
configure:18655: checking for strcasecmp
configure:18655: powerpc64-ps3-elf-gcc -o conftest -O2 -Wall -I/usr/local/ps3dev/ppu/include -Iinclude -I/mnt/c/SDL2PSL1GHT/include -idirafter /mnt/c/SDL2PSL1GHT/src/video/khronos   -Iinclude -I/mnt/c/SDL2PSL1GHT/include -idirafter /mnt/c/SDL2PSL1GHT/src/video/khronos  -L/usr/local/ps3dev/ppu/lib -lrt -llv2 conftest.c  >&5
conftest.c:93:6: warning: conflicting types for built-in function 'strcasecmp' [-Wbuiltin-declaration-mismatch]
 char strcasecmp ();
      ^~~~~~~~~~
configure:18655: $? = 0
configure:18655: result: yes
configure:18661: checking for _strnicmp
configure:18661: powerpc64-ps3-elf-gcc -o conftest -O2 -Wall -I/usr/local/ps3dev/ppu/include -Iinclude -I/mnt/c/SDL2PSL1GHT/include -idirafter /mnt/c/SDL2PSL1GHT/src/video/khronos   -Iinclude -I/mnt/c/SDL2PSL1GHT/include -idirafter /mnt/c/SDL2PSL1GHT/src/video/khronos  -L/usr/local/ps3dev/ppu/lib -lrt -llv2 conftest.c  >&5
/tmp/cc7oAZsQ.o:(.text.startup.main+0xc): undefined reference to `_strnicmp'
collect2: error: ld returned 1 exit status
configure:18661: $? = 1
configure: failed program was:
| /* confdefs.h */
| #define PACKAGE_NAME ""
| #define PACKAGE_TARNAME ""
| #define PACKAGE_VERSION ""
| #define PACKAGE_STRING ""
| #define PACKAGE_BUGREPORT ""
| #define PACKAGE_URL ""
| #define HAVE_STDIO_H 1
| #define HAVE_STDLIB_H 1
| #define HAVE_STRING_H 1
| #define HAVE_INTTYPES_H 1
| #define HAVE_STDINT_H 1
| #define HAVE_STRINGS_H 1
| #define HAVE_SYS_STAT_H 1
| #define HAVE_SYS_TYPES_H 1
| #define HAVE_UNISTD_H 1
| #define STDC_HEADERS 1
| #define LT_OBJDIR ".libs/"
| #define HAVE_LIBC 1
| #define HAVE_SYS_TYPES_H 1
| #define HAVE_STDIO_H 1
| #define HAVE_STDLIB_H 1
| #define HAVE_STDDEF_H 1
| #define HAVE_STDARG_H 1
| #define HAVE_MALLOC_H 1
| #define HAVE_STRING_H 1
| #define HAVE_STRINGS_H 1
| #define HAVE_WCHAR_H 1
| #define HAVE_INTTYPES_H 1
| #define HAVE_STDINT_H 1
| #define HAVE_LIMITS_H 1
| #define HAVE_CTYPE_H 1
| #define HAVE_MATH_H 1
| #define HAVE_FLOAT_H 1
| #define HAVE_ICONV_H 1
| #define HAVE_SIGNAL_H 1
| #define HAVE_M_PI /**/
| #define HAVE_ALLOCA_H 1
| #define HAVE_ALLOCA 1
| #define HAVE_MALLOC 1
| #define HAVE_CALLOC 1
| #define HAVE_REALLOC 1
| #define HAVE_FREE 1
| #define HAVE_GETENV 1
| #define HAVE_SETENV 1
| #define HAVE_PUTENV 1
| #define HAVE_UNSETENV 1
| #define HAVE_QSORT 1
| #define HAVE_ABS 1
| #define HAVE_BCOPY 1
| #define HAVE_MEMSET 1
| #define HAVE_MEMCPY 1
| #define HAVE_MEMMOVE 1
| #define HAVE_WCSLEN 1
| #define HAVE_WCSLCPY 1
| #define HAVE_WCSLCAT 1
| #define HAVE_WCSDUP 1
| #define HAVE_WCSSTR 1
| #define HAVE_WCSCMP 1
| #define HAVE_WCSNCMP 1
| #define HAVE_STRLEN 1
| #define HAVE_STRLCPY 1
| #define HAVE_STRLCAT 1
| #define HAVE_STRCHR 1
| #define HAVE_STRRCHR 1
| #define HAVE_STRSTR 1
| #define HAVE_STRTOK_R 1
| #define HAVE_STRTOL 1
| #define HAVE_STRTOUL 1
| #define HAVE_STRTOLL 1
| #define HAVE_STRTOULL 1
| #define HAVE_ATOI 1
| #define HAVE_ATOF 1
| #define HAVE_STRCMP 1
| #define HAVE_STRNCMP 1
| #define HAVE_STRCASECMP 1
| /* end confdefs.h.  */
| /* Define _strnicmp to an innocuous variant, in case <limits.h> declares _strnicmp.
|    For example, HP-UX 11i <limits.h> declares gettimeofday.  */
| #define _strnicmp innocuous__strnicmp
| 
| /* System header to define __stub macros and hopefully few prototypes,
|    which can conflict with char _strnicmp (); below.  */
| 
| #include <limits.h>
| #undef _strnicmp
| 
| /* Override any GCC internal prototype to avoid an error.
|    Use char because int might match the return type of a GCC
|    builtin and then its argument prototype would still apply.  */
| #ifdef __cplusplus
| extern "C"
| #endif
| char _strnicmp ();
| /* The GNU C library defines this for functions which it implements
|     to always fail with ENOSYS.  Some functions are actually named
|     something starting with __ and the normal name is an alias.  */
| #if defined __stub__strnicmp || defined __stub____strnicmp
| choke me
| #endif
| 
| int
| main (void)
| {
| return _strnicmp ();
|   ;
|   return 0;
| }
configure:18661: result: no
configure:18667: checking for strncasecmp
configure:18667: powerpc64-ps3-elf-gcc -o conftest -O2 -Wall -I/usr/local/ps3dev/ppu/include -Iinclude -I/mnt/c/SDL2PSL1GHT/include -idirafter /mnt/c/SDL2PSL1GHT/src/video/khronos   -Iinclude -I/mnt/c/SDL2PSL1GHT/include -idirafter /mnt/c/SDL2PSL1GHT/src/video/khronos  -L/usr/local/ps3dev/ppu/lib -lrt -llv2 conftest.c  >&5
conftest.c:94:6: warning: conflicting types for built-in function 'strncasecmp' [-Wbuiltin-declaration-mismatch]
 char strncasecmp ();
      ^~~~~~~~~~~
configure:18667: $? = 0
configure:18667: result: yes
configure:18673: checking for vsscanf
configure:18673: powerpc64-ps3-elf-gcc -o conftest -O2 -Wall -I/usr/local/ps3dev/ppu/include -Iinclude -I/mnt/c/SDL2PSL1GHT/include -idirafter /mnt/c/SDL2PSL1GHT/src/video/khronos   -Iinclude -I/mnt/c/SDL2PSL1GHT/include -idirafter /mnt/c/SDL2PSL1GHT/src/video/khronos  -L/usr/local/ps3dev/ppu/lib -lrt -llv2 conftest.c  >&5
conftest.c:95:6: warning: conflicting types for built-in function 'vsscanf' [-Wbuiltin-declaration-mismatch]
 char vsscanf ();
      ^~~~~~~
configure:18673: $? = 0
configure:18673: result: yes
configure:18679: checking for vsnprintf
configure:18679: powerpc64-ps3-elf-gcc -o conftest -O2 -Wall -I/usr/local/ps3dev/ppu/include -Iinclude -I/mnt/c/SDL2PSL1GHT/include -idirafter /mnt/c/SDL2PSL1GHT/src/video/khronos   -Iinclude -I/mnt/c/SDL2PSL1GHT/include -idirafter /mnt/c/SDL2PSL1GHT/src/video/khronos  -L/usr/local/ps3dev/ppu/lib -lrt -llv2 conftest.c  >&5
conftest.c:96:6: warning: conflicting types for built-in function 'vsnprintf' [-Wbuiltin-declaration-mismatch]
 char vsnprintf ();
      ^~~~~~~~~
configure:18679: $? = 0
configure:18679: result: yes
configure:18685: checking for fopen64
configure:18685: powerpc64-ps3-elf-gcc -o conftest -O2 -Wall -I/usr/local/ps3dev/ppu/include -Iinclude -I/mnt/c/SDL2PSL1GHT/include -idirafter /mnt/c/SDL2PSL1GHT/src/video/khronos   -Iinclude -I/mnt/c/SDL2PSL1GHT/include -idirafter /mnt/c/SDL2PSL1GHT/src/video/khronos  -L/usr/local/ps3dev/ppu/lib -lrt -llv2 conftest.c  >&5
/tmp/ccrIY65h.o:(.text.startup.main+0xc): undefined reference to `fopen64'
collect2: error: ld returned 1 exit status
configure:18685: $? = 1
configure: failed program was:
| /* confdefs.h */
| #define PACKAGE_NAME ""
| #define PACKAGE_TARNAME ""
| #define PACKAGE_VERSION ""
| #define PACKAGE_STRING ""
| #define PACKAGE_BUGREPORT ""
| #define PACKAGE_URL ""
| #define HAVE_STDIO_H 1
| #define HAVE_STDLIB_H 1
| #define HAVE_STRING_H 1
| #define HAVE_INTTYPES_H 1
| #define HAVE_STDINT_H 1
| #define HAVE_STRINGS_H 1
| #define HAVE_SYS_STAT_H 1
| #define HAVE_SYS_TYPES_H 1
| #define HAVE_UNISTD_H 1
| #define STDC_HEADERS 1
| #define LT_OBJDIR ".libs/"
| #define HAVE_LIBC 1
| #define HAVE_SYS_TYPES_H 1
| #define HAVE_STDIO_H 1
| #define HAVE_STDLIB_H 1
| #define HAVE_STDDEF_H 1
| #define HAVE_STDARG_H 1
| #define HAVE_MALLOC_H 1
| #define HAVE_STRING_H 1
| #define HAVE_STRINGS_H 1
| #define HAVE_WCHAR_H 1
| #define HAVE_INTTYPES_H 1
| #define HAVE_STDINT_H 1
| #define HAVE_LIMITS_H 1
| #define HAVE_CTYPE_H 1
| #define HAVE_MATH_H 1
| #define HAVE_FLOAT_H 1
| #define HAVE_ICONV_H 1
| #define HAVE_SIGNAL_H 1
| #define HAVE_M_PI /**/
| #define HAVE_ALLOCA_H 1
| #define HAVE_ALLOCA 1
| #define HAVE_MALLOC 1
| #define HAVE_CALLOC 1
| #define HAVE_REALLOC 1
| #define HAVE_FREE 1
| #define HAVE_GETENV 1
| #define HAVE_SETENV 1
| #define HAVE_PUTENV 1
| #define HAVE_UNSETENV 1
| #define HAVE_QSORT 1
| #define HAVE_ABS 1
| #define HAVE_BCOPY 1
| #define HAVE_MEMSET 1
| #define HAVE_MEMCPY 1
| #define HAVE_MEMMOVE 1
| #define HAVE_WCSLEN 1
| #define HAVE_WCSLCPY 1
| #define HAVE_WCSLCAT 1
| #define HAVE_WCSDUP 1
| #define HAVE_WCSSTR 1
| #define HAVE_WCSCMP 1
| #define HAVE_WCSNCMP 1
| #define HAVE_STRLEN 1
| #define HAVE_STRLCPY 1
| #define HAVE_STRLCAT 1
| #define HAVE_STRCHR 1
| #define HAVE_STRRCHR 1
| #define HAVE_STRSTR 1
| #define HAVE_STRTOK_R 1
| #define HAVE_STRTOL 1
| #define HAVE_STRTOUL 1
| #define HAVE_STRTOLL 1
| #define HAVE_STRTOULL 1
| #define HAVE_ATOI 1
| #define HAVE_ATOF 1
| #define HAVE_STRCMP 1
| #define HAVE_STRNCMP 1
| #define HAVE_STRCASECMP 1
| #define HAVE_STRNCASECMP 1
| #define HAVE_VSSCANF 1
| #define HAVE_VSNPRINTF 1
| /* end confdefs.h.  */
| /* Define fopen64 to an innocuous variant, in case <limits.h> declares fopen64.
|    For example, HP-UX 11i <limits.h> declares gettimeofday.  */
| #define fopen64 innocuous_fopen64
| 
| /* System header to define __stub macros and hopefully few prototypes,
|    which can conflict with char fopen64 (); below.  */
| 
| #include <limits.h>
| #undef fopen64
| 
| /* Override any GCC internal prototype to avoid an error.
|    Use char because int might match the return type of a GCC
|    builtin and then its argument prototype would still apply.  */
| #ifdef __cplusplus
| extern "C"
| #endif
| char fopen64 ();
| /* The GNU C library defines this for functions which it implements
|     to always fail with ENOSYS.  Some functions are actually named
|     something starting with __ and the normal name is an alias.  */
| #if defined __stub_fopen64 || defined __stub___fopen64
| choke me
| #endif
| 
| int
| main (void)
| {
| return fopen64 ();
|   ;
|   return 0;
| }
configure:18685: result: no
configure:18691: checking for fseeko
configure:18691: powerpc64-ps3-elf-gcc -o conftest -O2 -Wall -I/usr/local/ps3dev/ppu/include -Iinclude -I/mnt/c/SDL2PSL1GHT/include -idirafter /mnt/c/SDL2PSL1GHT/src/video/khronos   -Iinclude -I/mnt/c/SDL2PSL1GHT/include -idirafter /mnt/c/SDL2PSL1GHT/src/video/khronos  -L/usr/local/ps3dev/ppu/lib -lrt -llv2 conftest.c  >&5
configure:18691: $? = 0
configure:18691: result: yes
configure:18697: checking for fseeko64
configure:18697: powerpc64-ps3-elf-gcc -o conftest -O2 -Wall -I/usr/local/ps3dev/ppu/include -Iinclude -I/mnt/c/SDL2PSL1GHT/include -idirafter /mnt/c/SDL2PSL1GHT/src/video/khronos   -Iinclude -I/mnt/c/SDL2PSL1GHT/include -idirafter /mnt/c/SDL2PSL1GHT/src/video/khronos  -L/usr/local/ps3dev/ppu/lib -lrt -llv2 conftest.c  >&5
/tmp/ccPwhZnK.o:(.text.startup.main+0xc): undefined reference to `fseeko64'
collect2: error: ld returned 1 exit status
configure:18697: $? = 1
configure: failed program was:
| /* confdefs.h */
| #define PACKAGE_NAME ""
| #define PACKAGE_TARNAME ""
| #define PACKAGE_VERSION ""
| #define PACKAGE_STRING ""
| #define PACKAGE_BUGREPORT ""
| #define PACKAGE_URL ""
| #define HAVE_STDIO_H 1
| #define HAVE_STDLIB_H 1
| #define HAVE_STRING_H 1
| #define HAVE_INTTYPES_H 1
| #define HAVE_STDINT_H 1
| #define HAVE_STRINGS_H 1
| #define HAVE_SYS_STAT_H 1
| #define HAVE_SYS_TYPES_H 1
| #define HAVE_UNISTD_H 1
| #define STDC_HEADERS 1
| #define LT_OBJDIR ".libs/"
| #define HAVE_LIBC 1
| #define HAVE_SYS_TYPES_H 1
| #define HAVE_STDIO_H 1
| #define HAVE_STDLIB_H 1
| #define HAVE_STDDEF_H 1
| #define HAVE_STDARG_H 1
| #define HAVE_MALLOC_H 1
| #define HAVE_STRING_H 1
| #define HAVE_STRINGS_H 1
| #define HAVE_WCHAR_H 1
| #define HAVE_INTTYPES_H 1
| #define HAVE_STDINT_H 1
| #define HAVE_LIMITS_H 1
| #define HAVE_CTYPE_H 1
| #define HAVE_MATH_H 1
| #define HAVE_FLOAT_H 1
| #define HAVE_ICONV_H 1
| #define HAVE_SIGNAL_H 1
| #define HAVE_M_PI /**/
| #define HAVE_ALLOCA_H 1
| #define HAVE_ALLOCA 1
| #define HAVE_MALLOC 1
| #define HAVE_CALLOC 1
| #define HAVE_REALLOC 1
| #define HAVE_FREE 1
| #define HAVE_GETENV 1
| #define HAVE_SETENV 1
| #define HAVE_PUTENV 1
| #define HAVE_UNSETENV 1
| #define HAVE_QSORT 1
| #define HAVE_ABS 1
| #define HAVE_BCOPY 1
| #define HAVE_MEMSET 1
| #define HAVE_MEMCPY 1
| #define HAVE_MEMMOVE 1
| #define HAVE_WCSLEN 1
| #define HAVE_WCSLCPY 1
| #define HAVE_WCSLCAT 1
| #define HAVE_WCSDUP 1
| #define HAVE_WCSSTR 1
| #define HAVE_WCSCMP 1
| #define HAVE_WCSNCMP 1
| #define HAVE_STRLEN 1
| #define HAVE_STRLCPY 1
| #define HAVE_STRLCAT 1
| #define HAVE_STRCHR 1
| #define HAVE_STRRCHR 1
| #define HAVE_STRSTR 1
| #define HAVE_STRTOK_R 1
| #define HAVE_STRTOL 1
| #define HAVE_STRTOUL 1
| #define HAVE_STRTOLL 1
| #define HAVE_STRTOULL 1
| #define HAVE_ATOI 1
| #define HAVE_ATOF 1
| #define HAVE_STRCMP 1
| #define HAVE_STRNCMP 1
| #define HAVE_STRCASECMP 1
| #define HAVE_STRNCASECMP 1
| #define HAVE_VSSCANF 1
| #define HAVE_VSNPRINTF 1
| #define HAVE_FSEEKO 1
| /* end confdefs.h.  */
| /* Define fseeko64 to an innocuous variant, in case <limits.h> declares fseeko64.
|    For example, HP-UX 11i <limits.h> declares gettimeofday.  */
| #define fseeko64 innocuous_fseeko64
| 
| /* System header to define __stub macros and hopefully few prototypes,
|    which can conflict with char fseeko64 (); below.  */
| 
| #include <limits.h>
| #undef fseeko64
| 
| /* Override any GCC internal prototype to avoid an error.
|    Use char because int might match the return type of a GCC
|    builtin and then its argument prototype would still apply.  */
| #ifdef __cplusplus
| extern "C"
| #endif
| char fseeko64 ();
| /* The GNU C library defines this for functions which it implements
|     to always fail with ENOSYS.  Some functions are actually named
|     something starting with __ and the normal name is an alias.  */
| #if defined __stub_fseeko64 || defined __stub___fseeko64
| choke me
| #endif
| 
| int
| main (void)
| {
| return fseeko64 ();
|   ;
|   return 0;
| }
configure:18697: result: no
configure:18703: checking for sigaction
configure:18703: powerpc64-ps3-elf-gcc -o conftest -O2 -Wall -I/usr/local/ps3dev/ppu/include -Iinclude -I/mnt/c/SDL2PSL1GHT/include -idirafter /mnt/c/SDL2PSL1GHT/src/video/khronos   -Iinclude -I/mnt/c/SDL2PSL1GHT/include -idirafter /mnt/c/SDL2PSL1GHT/src/video/khronos  -L/usr/local/ps3dev/ppu/lib -lrt -llv2 conftest.c  >&5
/tmp/ccgi5DlN.o:(.text.startup.main+0xc): undefined reference to `sigaction'
collect2: error: ld returned 1 exit status
configure:18703: $? = 1
configure: failed program was:
| /* confdefs.h */
| #define PACKAGE_NAME ""
| #define PACKAGE_TARNAME ""
| #define PACKAGE_VERSION ""
| #define PACKAGE_STRING ""
| #define PACKAGE_BUGREPORT ""
| #define PACKAGE_URL ""
| #define HAVE_STDIO_H 1
| #define HAVE_STDLIB_H 1
| #define HAVE_STRING_H 1
| #define HAVE_INTTYPES_H 1
| #define HAVE_STDINT_H 1
| #define HAVE_STRINGS_H 1
| #define HAVE_SYS_STAT_H 1
| #define HAVE_SYS_TYPES_H 1
| #define HAVE_UNISTD_H 1
| #define STDC_HEADERS 1
| #define LT_OBJDIR ".libs/"
| #define HAVE_LIBC 1
| #define HAVE_SYS_TYPES_H 1
| #define HAVE_STDIO_H 1
| #define HAVE_STDLIB_H 1
| #define HAVE_STDDEF_H 1
| #define HAVE_STDARG_H 1
| #define HAVE_MALLOC_H 1
| #define HAVE_STRING_H 1
| #define HAVE_STRINGS_H 1
| #define HAVE_WCHAR_H 1
| #define HAVE_INTTYPES_H 1
| #define HAVE_STDINT_H 1
| #define HAVE_LIMITS_H 1
| #define HAVE_CTYPE_H 1
| #define HAVE_MATH_H 1
| #define HAVE_FLOAT_H 1
| #define HAVE_ICONV_H 1
| #define HAVE_SIGNAL_H 1
| #define HAVE_M_PI /**/
| #define HAVE_ALLOCA_H 1
| #define HAVE_ALLOCA 1
| #define HAVE_MALLOC 1
| #define HAVE_CALLOC 1
| #define HAVE_REALLOC 1
| #define HAVE_FREE 1
| #define HAVE_GETENV 1
| #define HAVE_SETENV 1
| #define HAVE_PUTENV 1
| #define HAVE_UNSETENV 1
| #define HAVE_QSORT 1
| #define HAVE_ABS 1
| #define HAVE_BCOPY 1
| #define HAVE_MEMSET 1
| #define HAVE_MEMCPY 1
| #define HAVE_MEMMOVE 1
| #define HAVE_WCSLEN 1
| #define HAVE_WCSLCPY 1
| #define HAVE_WCSLCAT 1
| #define HAVE_WCSDUP 1
| #define HAVE_WCSSTR 1
| #define HAVE_WCSCMP 1
| #define HAVE_WCSNCMP 1
| #define HAVE_STRLEN 1
| #define HAVE_STRLCPY 1
| #define HAVE_STRLCAT 1
| #define HAVE_STRCHR 1
| #define HAVE_STRRCHR 1
| #define HAVE_STRSTR 1
| #define HAVE_STRTOK_R 1
| #define HAVE_STRTOL 1
| #define HAVE_STRTOUL 1
| #define HAVE_STRTOLL 1
| #define HAVE_STRTOULL 1
| #define HAVE_ATOI 1
| #define HAVE_ATOF 1
| #define HAVE_STRCMP 1
| #define HAVE_STRNCMP 1
| #define HAVE_STRCASECMP 1
| #define HAVE_STRNCASECMP 1
| #define HAVE_VSSCANF 1
| #define HAVE_VSNPRINTF 1
| #define HAVE_FSEEKO 1
| /* end confdefs.h.  */
| /* Define sigaction to an innocuous variant, in case <limits.h> declares sigaction.
|    For example, HP-UX 11i <limits.h> declares gettimeofday.  */
| #define sigaction innocuous_sigaction
| 
| /* System header to define __stub macros and hopefully few prototypes,
|    which can conflict with char sigaction (); below.  */
| 
| #include <limits.h>
| #undef sigaction
| 
| /* Override any GCC internal prototype to avoid an error.
|    Use char because int might match the return type of a GCC
|    builtin and then its argument prototype would still apply.  */
| #ifdef __cplusplus
| extern "C"
| #endif
| char sigaction ();
| /* The GNU C library defines this for functions which it implements
|     to always fail with ENOSYS.  Some functions are actually named
|     something starting with __ and the normal name is an alias.  */
| #if defined __stub_sigaction || defined __stub___sigaction
| choke me
| #endif
| 
| int
| main (void)
| {
| return sigaction ();
|   ;
|   return 0;
| }
configure:18703: result: no
configure:18709: checking for setjmp
configure:18709: powerpc64-ps3-elf-gcc -o conftest -O2 -Wall -I/usr/local/ps3dev/ppu/include -Iinclude -I/mnt/c/SDL2PSL1GHT/include -idirafter /mnt/c/SDL2PSL1GHT/src/video/khronos   -Iinclude -I/mnt/c/SDL2PSL1GHT/include -idirafter /mnt/c/SDL2PSL1GHT/src/video/khronos  -L/usr/local/ps3dev/ppu/lib -lrt -llv2 conftest.c  >&5
configure:18709: $? = 0
configure:18709: result: yes
configure:18715: checking for nanosleep
configure:18715: powerpc64-ps3-elf-gcc -o conftest -O2 -Wall -I/usr/local/ps3dev/ppu/include -Iinclude -I/mnt/c/SDL2PSL1GHT/include -idirafter /mnt/c/SDL2PSL1GHT/src/video/khronos   -Iinclude -I/mnt/c/SDL2PSL1GHT/include -idirafter /mnt/c/SDL2PSL1GHT/src/video/khronos  -L/usr/local/ps3dev/ppu/lib -lrt -llv2 conftest.c  >&5
/tmp/cc0kWhKl.o:(.text.startup.main+0xc): undefined reference to `nanosleep'
collect2: error: ld returned 1 exit status
configure:18715: $? = 1
configure: failed program was:
| /* confdefs.h */
| #define PACKAGE_NAME ""
| #define PACKAGE_TARNAME ""
| #define PACKAGE_VERSION ""
| #define PACKAGE_STRING ""
| #define PACKAGE_BUGREPORT ""
| #define PACKAGE_URL ""
| #define HAVE_STDIO_H 1
| #define HAVE_STDLIB_H 1
| #define HAVE_STRING_H 1
| #define HAVE_INTTYPES_H 1
| #define HAVE_STDINT_H 1
| #define HAVE_STRINGS_H 1
| #define HAVE_SYS_STAT_H 1
| #define HAVE_SYS_TYPES_H 1
| #define HAVE_UNISTD_H 1
| #define STDC_HEADERS 1
| #define LT_OBJDIR ".libs/"
| #define HAVE_LIBC 1
| #define HAVE_SYS_TYPES_H 1
| #define HAVE_STDIO_H 1
| #define HAVE_STDLIB_H 1
| #define HAVE_STDDEF_H 1
| #define HAVE_STDARG_H 1
| #define HAVE_MALLOC_H 1
| #define HAVE_STRING_H 1
| #define HAVE_STRINGS_H 1
| #define HAVE_WCHAR_H 1
| #define HAVE_INTTYPES_H 1
| #define HAVE_STDINT_H 1
| #define HAVE_LIMITS_H 1
| #define HAVE_CTYPE_H 1
| #define HAVE_MATH_H 1
| #define HAVE_FLOAT_H 1
| #define HAVE_ICONV_H 1
| #define HAVE_SIGNAL_H 1
| #define HAVE_M_PI /**/
| #define HAVE_ALLOCA_H 1
| #define HAVE_ALLOCA 1
| #define HAVE_MALLOC 1
| #define HAVE_CALLOC 1
| #define HAVE_REALLOC 1
| #define HAVE_FREE 1
| #define HAVE_GETENV 1
| #define HAVE_SETENV 1
| #define HAVE_PUTENV 1
| #define HAVE_UNSETENV 1
| #define HAVE_QSORT 1
| #define HAVE_ABS 1
| #define HAVE_BCOPY 1
| #define HAVE_MEMSET 1
| #define HAVE_MEMCPY 1
| #define HAVE_MEMMOVE 1
| #define HAVE_WCSLEN 1
| #define HAVE_WCSLCPY 1
| #define HAVE_WCSLCAT 1
| #define HAVE_WCSDUP 1
| #define HAVE_WCSSTR 1
| #define HAVE_WCSCMP 1
| #define HAVE_WCSNCMP 1
| #define HAVE_STRLEN 1
| #define HAVE_STRLCPY 1
| #define HAVE_STRLCAT 1
| #define HAVE_STRCHR 1
| #define HAVE_STRRCHR 1
| #define HAVE_STRSTR 1
| #define HAVE_STRTOK_R 1
| #define HAVE_STRTOL 1
| #define HAVE_STRTOUL 1
| #define HAVE_STRTOLL 1
| #define HAVE_STRTOULL 1
| #define HAVE_ATOI 1
| #define HAVE_ATOF 1
| #define HAVE_STRCMP 1
| #define HAVE_STRNCMP 1
| #define HAVE_STRCASECMP 1
| #define HAVE_STRNCASECMP 1
| #define HAVE_VSSCANF 1
| #define HAVE_VSNPRINTF 1
| #define HAVE_FSEEKO 1
| #define HAVE_SETJMP 1
| /* end confdefs.h.  */
| /* Define nanosleep to an innocuous variant, in case <limits.h> declares nanosleep.
|    For example, HP-UX 11i <limits.h> declares gettimeofday.  */
| #define nanosleep innocuous_nanosleep
| 
| /* System header to define __stub macros and hopefully few prototypes,
|    which can conflict with char nanosleep (); below.  */
| 
| #include <limits.h>
| #undef nanosleep
| 
| /* Override any GCC internal prototype to avoid an error.
|    Use char because int might match the return type of a GCC
|    builtin and then its argument prototype would still apply.  */
| #ifdef __cplusplus
| extern "C"
| #endif
| char nanosleep ();
| /* The GNU C library defines this for functions which it implements
|     to always fail with ENOSYS.  Some functions are actually named
|     something starting with __ and the normal name is an alias.  */
| #if defined __stub_nanosleep || defined __stub___nanosleep
| choke me
| #endif
| 
| int
| main (void)
| {
| return nanosleep ();
|   ;
|   return 0;
| }
configure:18715: result: no
configure:18721: checking for sysconf
configure:18721: powerpc64-ps3-elf-gcc -o conftest -O2 -Wall -I/usr/local/ps3dev/ppu/include -Iinclude -I/mnt/c/SDL2PSL1GHT/include -idirafter /mnt/c/SDL2PSL1GHT/src/video/khronos   -Iinclude -I/mnt/c/SDL2PSL1GHT/include -idirafter /mnt/c/SDL2PSL1GHT/src/video/khronos  -L/usr/local/ps3dev/ppu/lib -lrt -llv2 conftest.c  >&5
/tmp/ccQRtrYE.o:(.text.startup.main+0xc): undefined reference to `sysconf'
collect2: error: ld returned 1 exit status
configure:18721: $? = 1
configure: failed program was:
| /* confdefs.h */
| #define PACKAGE_NAME ""
| #define PACKAGE_TARNAME ""
| #define PACKAGE_VERSION ""
| #define PACKAGE_STRING ""
| #define PACKAGE_BUGREPORT ""
| #define PACKAGE_URL ""
| #define HAVE_STDIO_H 1
| #define HAVE_STDLIB_H 1
| #define HAVE_STRING_H 1
| #define HAVE_INTTYPES_H 1
| #define HAVE_STDINT_H 1
| #define HAVE_STRINGS_H 1
| #define HAVE_SYS_STAT_H 1
| #define HAVE_SYS_TYPES_H 1
| #define HAVE_UNISTD_H 1
| #define STDC_HEADERS 1
| #define LT_OBJDIR ".libs/"
| #define HAVE_LIBC 1
| #define HAVE_SYS_TYPES_H 1
| #define HAVE_STDIO_H 1
| #define HAVE_STDLIB_H 1
| #define HAVE_STDDEF_H 1
| #define HAVE_STDARG_H 1
| #define HAVE_MALLOC_H 1
| #define HAVE_STRING_H 1
| #define HAVE_STRINGS_H 1
| #define HAVE_WCHAR_H 1
| #define HAVE_INTTYPES_H 1
| #define HAVE_STDINT_H 1
| #define HAVE_LIMITS_H 1
| #define HAVE_CTYPE_H 1
| #define HAVE_MATH_H 1
| #define HAVE_FLOAT_H 1
| #define HAVE_ICONV_H 1
| #define HAVE_SIGNAL_H 1
| #define HAVE_M_PI /**/
| #define HAVE_ALLOCA_H 1
| #define HAVE_ALLOCA 1
| #define HAVE_MALLOC 1
| #define HAVE_CALLOC 1
| #define HAVE_REALLOC 1
| #define HAVE_FREE 1
| #define HAVE_GETENV 1
| #define HAVE_SETENV 1
| #define HAVE_PUTENV 1
| #define HAVE_UNSETENV 1
| #define HAVE_QSORT 1
| #define HAVE_ABS 1
| #define HAVE_BCOPY 1
| #define HAVE_MEMSET 1
| #define HAVE_MEMCPY 1
| #define HAVE_MEMMOVE 1
| #define HAVE_WCSLEN 1
| #define HAVE_WCSLCPY 1
| #define HAVE_WCSLCAT 1
| #define HAVE_WCSDUP 1
| #define HAVE_WCSSTR 1
| #define HAVE_WCSCMP 1
| #define HAVE_WCSNCMP 1
| #define HAVE_STRLEN 1
| #define HAVE_STRLCPY 1
| #define HAVE_STRLCAT 1
| #define HAVE_STRCHR 1
| #define HAVE_STRRCHR 1
| #define HAVE_STRSTR 1
| #define HAVE_STRTOK_R 1
| #define HAVE_STRTOL 1
| #define HAVE_STRTOUL 1
| #define HAVE_STRTOLL 1
| #define HAVE_STRTOULL 1
| #define HAVE_ATOI 1
| #define HAVE_ATOF 1
| #define HAVE_STRCMP 1
| #define HAVE_STRNCMP 1
| #define HAVE_STRCASECMP 1
| #define HAVE_STRNCASECMP 1
| #define HAVE_VSSCANF 1
| #define HAVE_VSNPRINTF 1
| #define HAVE_FSEEKO 1
| #define HAVE_SETJMP 1
| /* end confdefs.h.  */
| /* Define sysconf to an innocuous variant, in case <limits.h> declares sysconf.
|    For example, HP-UX 11i <limits.h> declares gettimeofday.  */
| #define sysconf innocuous_sysconf
| 
| /* System header to define __stub macros and hopefully few prototypes,
|    which can conflict with char sysconf (); below.  */
| 
| #include <limits.h>
| #undef sysconf
| 
| /* Override any GCC internal prototype to avoid an error.
|    Use char because int might match the return type of a GCC
|    builtin and then its argument prototype would still apply.  */
| #ifdef __cplusplus
| extern "C"
| #endif
| char sysconf ();
| /* The GNU C library defines this for functions which it implements
|     to always fail with ENOSYS.  Some functions are actually named
|     something starting with __ and the normal name is an alias.  */
| #if defined __stub_sysconf || defined __stub___sysconf
| choke me
| #endif
| 
| int
| main (void)
| {
| return sysconf ();
|   ;
|   return 0;
| }
configure:18721: result: no
configure:18727: checking for sysctlbyname
configure:18727: powerpc64-ps3-elf-gcc -o conftest -O2 -Wall -I/usr/local/ps3dev/ppu/include -Iinclude -I/mnt/c/SDL2PSL1GHT/include -idirafter /mnt/c/SDL2PSL1GHT/src/video/khronos   -Iinclude -I/mnt/c/SDL2PSL1GHT/include -idirafter /mnt/c/SDL2PSL1GHT/src/video/khronos  -L/usr/local/ps3dev/ppu/lib -lrt -llv2 conftest.c  >&5
/tmp/ccYkjhWS.o:(.text.startup.main+0xc): undefined reference to `sysctlbyname'
collect2: error: ld returned 1 exit status
configure:18727: $? = 1
configure: failed program was:
| /* confdefs.h */
| #define PACKAGE_NAME ""
| #define PACKAGE_TARNAME ""
| #define PACKAGE_VERSION ""
| #define PACKAGE_STRING ""
| #define PACKAGE_BUGREPORT ""
| #define PACKAGE_URL ""
| #define HAVE_STDIO_H 1
| #define HAVE_STDLIB_H 1
| #define HAVE_STRING_H 1
| #define HAVE_INTTYPES_H 1
| #define HAVE_STDINT_H 1
| #define HAVE_STRINGS_H 1
| #define HAVE_SYS_STAT_H 1
| #define HAVE_SYS_TYPES_H 1
| #define HAVE_UNISTD_H 1
| #define STDC_HEADERS 1
| #define LT_OBJDIR ".libs/"
| #define HAVE_LIBC 1
| #define HAVE_SYS_TYPES_H 1
| #define HAVE_STDIO_H 1
| #define HAVE_STDLIB_H 1
| #define HAVE_STDDEF_H 1
| #define HAVE_STDARG_H 1
| #define HAVE_MALLOC_H 1
| #define HAVE_STRING_H 1
| #define HAVE_STRINGS_H 1
| #define HAVE_WCHAR_H 1
| #define HAVE_INTTYPES_H 1
| #define HAVE_STDINT_H 1
| #define HAVE_LIMITS_H 1
| #define HAVE_CTYPE_H 1
| #define HAVE_MATH_H 1
| #define HAVE_FLOAT_H 1
| #define HAVE_ICONV_H 1
| #define HAVE_SIGNAL_H 1
| #define HAVE_M_PI /**/
| #define HAVE_ALLOCA_H 1
| #define HAVE_ALLOCA 1
| #define HAVE_MALLOC 1
| #define HAVE_CALLOC 1
| #define HAVE_REALLOC 1
| #define HAVE_FREE 1
| #define HAVE_GETENV 1
| #define HAVE_SETENV 1
| #define HAVE_PUTENV 1
| #define HAVE_UNSETENV 1
| #define HAVE_QSORT 1
| #define HAVE_ABS 1
| #define HAVE_BCOPY 1
| #define HAVE_MEMSET 1
| #define HAVE_MEMCPY 1
| #define HAVE_MEMMOVE 1
| #define HAVE_WCSLEN 1
| #define HAVE_WCSLCPY 1
| #define HAVE_WCSLCAT 1
| #define HAVE_WCSDUP 1
| #define HAVE_WCSSTR 1
| #define HAVE_WCSCMP 1
| #define HAVE_WCSNCMP 1
| #define HAVE_STRLEN 1
| #define HAVE_STRLCPY 1
| #define HAVE_STRLCAT 1
| #define HAVE_STRCHR 1
| #define HAVE_STRRCHR 1
| #define HAVE_STRSTR 1
| #define HAVE_STRTOK_R 1
| #define HAVE_STRTOL 1
| #define HAVE_STRTOUL 1
| #define HAVE_STRTOLL 1
| #define HAVE_STRTOULL 1
| #define HAVE_ATOI 1
| #define HAVE_ATOF 1
| #define HAVE_STRCMP 1
| #define HAVE_STRNCMP 1
| #define HAVE_STRCASECMP 1
| #define HAVE_STRNCASECMP 1
| #define HAVE_VSSCANF 1
| #define HAVE_VSNPRINTF 1
| #define HAVE_FSEEKO 1
| #define HAVE_SETJMP 1
| /* end confdefs.h.  */
| /* Define sysctlbyname to an innocuous variant, in case <limits.h> declares sysctlbyname.
|    For example, HP-UX 11i <limits.h> declares gettimeofday.  */
| #define sysctlbyname innocuous_sysctlbyname
| 
| /* System header to define __stub macros and hopefully few prototypes,
|    which can conflict with char sysctlbyname (); below.  */
| 
| #include <limits.h>
| #undef sysctlbyname
| 
| /* Override any GCC internal prototype to avoid an error.
|    Use char because int might match the return type of a GCC
|    builtin and then its argument prototype would still apply.  */
| #ifdef __cplusplus
| extern "C"
| #endif
| char sysctlbyname ();
| /* The GNU C library defines this for functions which it implements
|     to always fail with ENOSYS.  Some functions are actually named
|     something starting with __ and the normal name is an alias.  */
| #if defined __stub_sysctlbyname || defined __stub___sysctlbyname
| choke me
| #endif
| 
| int
| main (void)
| {
| return sysctlbyname ();
|   ;
|   return 0;
| }
configure:18727: result: no
configure:18733: checking for getauxval
configure:18733: powerpc64-ps3-elf-gcc -o conftest -O2 -Wall -I/usr/local/ps3dev/ppu/include -Iinclude -I/mnt/c/SDL2PSL1GHT/include -idirafter /mnt/c/SDL2PSL1GHT/src/video/khronos   -Iinclude -I/mnt/c/SDL2PSL1GHT/include -idirafter /mnt/c/SDL2PSL1GHT/src/video/khronos  -L/usr/local/ps3dev/ppu/lib -lrt -llv2 conftest.c  >&5
/tmp/cclIAU6s.o:(.text.startup.main+0xc): undefined reference to `getauxval'
collect2: error: ld returned 1 exit status
configure:18733: $? = 1
configure: failed program was:
| /* confdefs.h */
| #define PACKAGE_NAME ""
| #define PACKAGE_TARNAME ""
| #define PACKAGE_VERSION ""
| #define PACKAGE_STRING ""
| #define PACKAGE_BUGREPORT ""
| #define PACKAGE_URL ""
| #define HAVE_STDIO_H 1
| #define HAVE_STDLIB_H 1
| #define HAVE_STRING_H 1
| #define HAVE_INTTYPES_H 1
| #define HAVE_STDINT_H 1
| #define HAVE_STRINGS_H 1
| #define HAVE_SYS_STAT_H 1
| #define HAVE_SYS_TYPES_H 1
| #define HAVE_UNISTD_H 1
| #define STDC_HEADERS 1
| #define LT_OBJDIR ".libs/"
| #define HAVE_LIBC 1
| #define HAVE_SYS_TYPES_H 1
| #define HAVE_STDIO_H 1
| #define HAVE_STDLIB_H 1
| #define HAVE_STDDEF_H 1
| #define HAVE_STDARG_H 1
| #define HAVE_MALLOC_H 1
| #define HAVE_STRING_H 1
| #define HAVE_STRINGS_H 1
| #define HAVE_WCHAR_H 1
| #define HAVE_INTTYPES_H 1
| #define HAVE_STDINT_H 1
| #define HAVE_LIMITS_H 1
| #define HAVE_CTYPE_H 1
| #define HAVE_MATH_H 1
| #define HAVE_FLOAT_H 1
| #define HAVE_ICONV_H 1
| #define HAVE_SIGNAL_H 1
| #define HAVE_M_PI /**/
| #define HAVE_ALLOCA_H 1
| #define HAVE_ALLOCA 1
| #define HAVE_MALLOC 1
| #define HAVE_CALLOC 1
| #define HAVE_REALLOC 1
| #define HAVE_FREE 1
| #define HAVE_GETENV 1
| #define HAVE_SETENV 1
| #define HAVE_PUTENV 1
| #define HAVE_UNSETENV 1
| #define HAVE_QSORT 1
| #define HAVE_ABS 1
| #define HAVE_BCOPY 1
| #define HAVE_MEMSET 1
| #define HAVE_MEMCPY 1
| #define HAVE_MEMMOVE 1
| #define HAVE_WCSLEN 1
| #define HAVE_WCSLCPY 1
| #define HAVE_WCSLCAT 1
| #define HAVE_WCSDUP 1
| #define HAVE_WCSSTR 1
| #define HAVE_WCSCMP 1
| #define HAVE_WCSNCMP 1
| #define HAVE_STRLEN 1
| #define HAVE_STRLCPY 1
| #define HAVE_STRLCAT 1
| #define HAVE_STRCHR 1
| #define HAVE_STRRCHR 1
| #define HAVE_STRSTR 1
| #define HAVE_STRTOK_R 1
| #define HAVE_STRTOL 1
| #define HAVE_STRTOUL 1
| #define HAVE_STRTOLL 1
| #define HAVE_STRTOULL 1
| #define HAVE_ATOI 1
| #define HAVE_ATOF 1
| #define HAVE_STRCMP 1
| #define HAVE_STRNCMP 1
| #define HAVE_STRCASECMP 1
| #define HAVE_STRNCASECMP 1
| #define HAVE_VSSCANF 1
| #define HAVE_VSNPRINTF 1
| #define HAVE_FSEEKO 1
| #define HAVE_SETJMP 1
| /* end confdefs.h.  */
| /* Define getauxval to an innocuous variant, in case <limits.h> declares getauxval.
|    For example, HP-UX 11i <limits.h> declares gettimeofday.  */
| #define getauxval innocuous_getauxval
| 
| /* System header to define __stub macros and hopefully few prototypes,
|    which can conflict with char getauxval (); below.  */
| 
| #include <limits.h>
| #undef getauxval
| 
| /* Override any GCC internal prototype to avoid an error.
|    Use char because int might match the return type of a GCC
|    builtin and then its argument prototype would still apply.  */
| #ifdef __cplusplus
| extern "C"
| #endif
| char getauxval ();
| /* The GNU C library defines this for functions which it implements
|     to always fail with ENOSYS.  Some functions are actually named
|     something starting with __ and the normal name is an alias.  */
| #if defined __stub_getauxval || defined __stub___getauxval
| choke me
| #endif
| 
| int
| main (void)
| {
| return getauxval ();
|   ;
|   return 0;
| }
configure:18733: result: no
configure:18739: checking for poll
configure:18739: powerpc64-ps3-elf-gcc -o conftest -O2 -Wall -I/usr/local/ps3dev/ppu/include -Iinclude -I/mnt/c/SDL2PSL1GHT/include -idirafter /mnt/c/SDL2PSL1GHT/src/video/khronos   -Iinclude -I/mnt/c/SDL2PSL1GHT/include -idirafter /mnt/c/SDL2PSL1GHT/src/video/khronos  -L/usr/local/ps3dev/ppu/lib -lrt -llv2 conftest.c  >&5
/tmp/ccpsydDp.o:(.text.startup.main+0xc): undefined reference to `poll'
collect2: error: ld returned 1 exit status
configure:18739: $? = 1
configure: failed program was:
| /* confdefs.h */
| #define PACKAGE_NAME ""
| #define PACKAGE_TARNAME ""
| #define PACKAGE_VERSION ""
| #define PACKAGE_STRING ""
| #define PACKAGE_BUGREPORT ""
| #define PACKAGE_URL ""
| #define HAVE_STDIO_H 1
| #define HAVE_STDLIB_H 1
| #define HAVE_STRING_H 1
| #define HAVE_INTTYPES_H 1
| #define HAVE_STDINT_H 1
| #define HAVE_STRINGS_H 1
| #define HAVE_SYS_STAT_H 1
| #define HAVE_SYS_TYPES_H 1
| #define HAVE_UNISTD_H 1
| #define STDC_HEADERS 1
| #define LT_OBJDIR ".libs/"
| #define HAVE_LIBC 1
| #define HAVE_SYS_TYPES_H 1
| #define HAVE_STDIO_H 1
| #define HAVE_STDLIB_H 1
| #define HAVE_STDDEF_H 1
| #define HAVE_STDARG_H 1
| #define HAVE_MALLOC_H 1
| #define HAVE_STRING_H 1
| #define HAVE_STRINGS_H 1
| #define HAVE_WCHAR_H 1
| #define HAVE_INTTYPES_H 1
| #define HAVE_STDINT_H 1
| #define HAVE_LIMITS_H 1
| #define HAVE_CTYPE_H 1
| #define HAVE_MATH_H 1
| #define HAVE_FLOAT_H 1
| #define HAVE_ICONV_H 1
| #define HAVE_SIGNAL_H 1
| #define HAVE_M_PI /**/
| #define HAVE_ALLOCA_H 1
| #define HAVE_ALLOCA 1
| #define HAVE_MALLOC 1
| #define HAVE_CALLOC 1
| #define HAVE_REALLOC 1
| #define HAVE_FREE 1
| #define HAVE_GETENV 1
| #define HAVE_SETENV 1
| #define HAVE_PUTENV 1
| #define HAVE_UNSETENV 1
| #define HAVE_QSORT 1
| #define HAVE_ABS 1
| #define HAVE_BCOPY 1
| #define HAVE_MEMSET 1
| #define HAVE_MEMCPY 1
| #define HAVE_MEMMOVE 1
| #define HAVE_WCSLEN 1
| #define HAVE_WCSLCPY 1
| #define HAVE_WCSLCAT 1
| #define HAVE_WCSDUP 1
| #define HAVE_WCSSTR 1
| #define HAVE_WCSCMP 1
| #define HAVE_WCSNCMP 1
| #define HAVE_STRLEN 1
| #define HAVE_STRLCPY 1
| #define HAVE_STRLCAT 1
| #define HAVE_STRCHR 1
| #define HAVE_STRRCHR 1
| #define HAVE_STRSTR 1
| #define HAVE_STRTOK_R 1
| #define HAVE_STRTOL 1
| #define HAVE_STRTOUL 1
| #define HAVE_STRTOLL 1
| #define HAVE_STRTOULL 1
| #define HAVE_ATOI 1
| #define HAVE_ATOF 1
| #define HAVE_STRCMP 1
| #define HAVE_STRNCMP 1
| #define HAVE_STRCASECMP 1
| #define HAVE_STRNCASECMP 1
| #define HAVE_VSSCANF 1
| #define HAVE_VSNPRINTF 1
| #define HAVE_FSEEKO 1
| #define HAVE_SETJMP 1
| /* end confdefs.h.  */
| /* Define poll to an innocuous variant, in case <limits.h> declares poll.
|    For example, HP-UX 11i <limits.h> declares gettimeofday.  */
| #define poll innocuous_poll
| 
| /* System header to define __stub macros and hopefully few prototypes,
|    which can conflict with char poll (); below.  */
| 
| #include <limits.h>
| #undef poll
| 
| /* Override any GCC internal prototype to avoid an error.
|    Use char because int might match the return type of a GCC
|    builtin and then its argument prototype would still apply.  */
| #ifdef __cplusplus
| extern "C"
| #endif
| char poll ();
| /* The GNU C library defines this for functions which it implements
|     to always fail with ENOSYS.  Some functions are actually named
|     something starting with __ and the normal name is an alias.  */
| #if defined __stub_poll || defined __stub___poll
| choke me
| #endif
| 
| int
| main (void)
| {
| return poll ();
|   ;
|   return 0;
| }
configure:18739: result: no
configure:18745: checking for _Exit
configure:18745: powerpc64-ps3-elf-gcc -o conftest -O2 -Wall -I/usr/local/ps3dev/ppu/include -Iinclude -I/mnt/c/SDL2PSL1GHT/include -idirafter /mnt/c/SDL2PSL1GHT/src/video/khronos   -Iinclude -I/mnt/c/SDL2PSL1GHT/include -idirafter /mnt/c/SDL2PSL1GHT/src/video/khronos  -L/usr/local/ps3dev/ppu/lib -lrt -llv2 conftest.c  >&5
conftest.c:99:6: warning: conflicting types for built-in function '_Exit' [-Wbuiltin-declaration-mismatch]
 char _Exit ();
      ^~~~~
configure:18745: $? = 0
configure:18745: result: yes
configure:18753: checking for pow in -lm
configure:18786: result: yes
configure:18793: checking for acos
configure:18793: powerpc64-ps3-elf-gcc -o conftest -O2 -Wall -I/usr/local/ps3dev/ppu/include -Iinclude -I/mnt/c/SDL2PSL1GHT/include -idirafter /mnt/c/SDL2PSL1GHT/src/video/khronos   -Iinclude -I/mnt/c/SDL2PSL1GHT/include -idirafter /mnt/c/SDL2PSL1GHT/src/video/khronos  -L/usr/local/ps3dev/ppu/lib -lrt -llv2 conftest.c  -lm >&5
conftest.c:100:6: warning: conflicting types for built-in function 'acos' [-Wbuiltin-declaration-mismatch]
 char acos ();
      ^~~~
configure:18793: $? = 0
configure:18793: result: yes
configure:18799: checking for acosf
configure:18799: powerpc64-ps3-elf-gcc -o conftest -O2 -Wall -I/usr/local/ps3dev/ppu/include -Iinclude -I/mnt/c/SDL2PSL1GHT/include -idirafter /mnt/c/SDL2PSL1GHT/src/video/khronos   -Iinclude -I/mnt/c/SDL2PSL1GHT/include -idirafter /mnt/c/SDL2PSL1GHT/src/video/khronos  -L/usr/local/ps3dev/ppu/lib -lrt -llv2 conftest.c  -lm >&5
conftest.c:101:6: warning: conflicting types for built-in function 'acosf' [-Wbuiltin-declaration-mismatch]
 char acosf ();
      ^~~~~
configure:18799: $? = 0
configure:18799: result: yes
configure:18805: checking for asin
configure:18805: powerpc64-ps3-elf-gcc -o conftest -O2 -Wall -I/usr/local/ps3dev/ppu/include -Iinclude -I/mnt/c/SDL2PSL1GHT/include -idirafter /mnt/c/SDL2PSL1GHT/src/video/khronos   -Iinclude -I/mnt/c/SDL2PSL1GHT/include -idirafter /mnt/c/SDL2PSL1GHT/src/video/khronos  -L/usr/local/ps3dev/ppu/lib -lrt -llv2 conftest.c  -lm >&5
conftest.c:102:6: warning: conflicting types for built-in function 'asin' [-Wbuiltin-declaration-mismatch]
 char asin ();
      ^~~~
configure:18805: $? = 0
configure:18805: result: yes
configure:18811: checking for asinf
configure:18811: powerpc64-ps3-elf-gcc -o conftest -O2 -Wall -I/usr/local/ps3dev/ppu/include -Iinclude -I/mnt/c/SDL2PSL1GHT/include -idirafter /mnt/c/SDL2PSL1GHT/src/video/khronos   -Iinclude -I/mnt/c/SDL2PSL1GHT/include -idirafter /mnt/c/SDL2PSL1GHT/src/video/khronos  -L/usr/local/ps3dev/ppu/lib -lrt -llv2 conftest.c  -lm >&5
conftest.c:103:6: warning: conflicting types for built-in function 'asinf' [-Wbuiltin-declaration-mismatch]
 char asinf ();
      ^~~~~
configure:18811: $? = 0
configure:18811: result: yes
configure:18817: checking for atan
configure:18817: powerpc64-ps3-elf-gcc -o conftest -O2 -Wall -I/usr/local/ps3dev/ppu/include -Iinclude -I/mnt/c/SDL2PSL1GHT/include -idirafter /mnt/c/SDL2PSL1GHT/src/video/khronos   -Iinclude -I/mnt/c/SDL2PSL1GHT/include -idirafter /mnt/c/SDL2PSL1GHT/src/video/khronos  -L/usr/local/ps3dev/ppu/lib -lrt -llv2 conftest.c  -lm >&5
conftest.c:104:6: warning: conflicting types for built-in function 'atan' [-Wbuiltin-declaration-mismatch]
 char atan ();
      ^~~~
configure:18817: $? = 0
configure:18817: result: yes
configure:18823: checking for atanf
configure:18823: powerpc64-ps3-elf-gcc -o conftest -O2 -Wall -I/usr/local/ps3dev/ppu/include -Iinclude -I/mnt/c/SDL2PSL1GHT/include -idirafter /mnt/c/SDL2PSL1GHT/src/video/khronos   -Iinclude -I/mnt/c/SDL2PSL1GHT/include -idirafter /mnt/c/SDL2PSL1GHT/src/video/khronos  -L/usr/local/ps3dev/ppu/lib -lrt -llv2 conftest.c  -lm >&5
conftest.c:105:6: warning: conflicting types for built-in function 'atanf' [-Wbuiltin-declaration-mismatch]
 char atanf ();
      ^~~~~
configure:18823: $? = 0
configure:18823: result: yes
configure:18829: checking for atan2
configure:18829: powerpc64-ps3-elf-gcc -o conftest -O2 -Wall -I/usr/local/ps3dev/ppu/include -Iinclude -I/mnt/c/SDL2PSL1GHT/include -idirafter /mnt/c/SDL2PSL1GHT/src/video/khronos   -Iinclude -I/mnt/c/SDL2PSL1GHT/include -idirafter /mnt/c/SDL2PSL1GHT/src/video/khronos  -L/usr/local/ps3dev/ppu/lib -lrt -llv2 conftest.c  -lm >&5
conftest.c:106:6: warning: conflicting types for built-in function 'atan2' [-Wbuiltin-declaration-mismatch]
 char atan2 ();
      ^~~~~
configure:18829: $? = 0
configure:18829: result: yes
configure:18835: checking for atan2f
configure:18835: powerpc64-ps3-elf-gcc -o conftest -O2 -Wall -I/usr/local/ps3dev/ppu/include -Iinclude -I/mnt/c/SDL2PSL1GHT/include -idirafter /mnt/c/SDL2PSL1GHT/src/video/khronos   -Iinclude -I/mnt/c/SDL2PSL1GHT/include -idirafter /mnt/c/SDL2PSL1GHT/src/video/khronos  -L/usr/local/ps3dev/ppu/lib -lrt -llv2 conftest.c  -lm >&5
conftest.c:107:6: warning: conflicting types for built-in function 'atan2f' [-Wbuiltin-declaration-mismatch]
 char atan2f ();
      ^~~~~~
configure:18835: $? = 0
configure:18835: result: yes
configure:18841: checking for ceil
configure:18841: powerpc64-ps3-elf-gcc -o conftest -O2 -Wall -I/usr/local/ps3dev/ppu/include -Iinclude -I/mnt/c/SDL2PSL1GHT/include -idirafter /mnt/c/SDL2PSL1GHT/src/video/khronos   -Iinclude -I/mnt/c/SDL2PSL1GHT/include -idirafter /mnt/c/SDL2PSL1GHT/src/video/khronos  -L/usr/local/ps3dev/ppu/lib -lrt -llv2 conftest.c  -lm >&5
conftest.c:108:6: warning: conflicting types for built-in function 'ceil' [-Wbuiltin-declaration-mismatch]
 char ceil ();
      ^~~~
configure:18841: $? = 0
configure:18841: result: yes
configure:18847: checking for ceilf
configure:18847: powerpc64-ps3-elf-gcc -o conftest -O2 -Wall -I/usr/local/ps3dev/ppu/include -Iinclude -I/mnt/c/SDL2PSL1GHT/include -idirafter /mnt/c/SDL2PSL1GHT/src/video/khronos   -Iinclude -I/mnt/c/SDL2PSL1GHT/include -idirafter /mnt/c/SDL2PSL1GHT/src/video/khronos  -L/usr/local/ps3dev/ppu/lib -lrt -llv2 conftest.c  -lm >&5
conftest.c:109:6: warning: conflicting types for built-in function 'ceilf' [-Wbuiltin-declaration-mismatch]
 char ceilf ();
      ^~~~~
configure:18847: $? = 0
configure:18847: result: yes
configure:18853: checking for copysign
configure:18853: powerpc64-ps3-elf-gcc -o conftest -O2 -Wall -I/usr/local/ps3dev/ppu/include -Iinclude -I/mnt/c/SDL2PSL1GHT/include -idirafter /mnt/c/SDL2PSL1GHT/src/video/khronos   -Iinclude -I/mnt/c/SDL2PSL1GHT/include -idirafter /mnt/c/SDL2PSL1GHT/src/video/khronos  -L/usr/local/ps3dev/ppu/lib -lrt -llv2 conftest.c  -lm >&5
conftest.c:110:6: warning: conflicting types for built-in function 'copysign' [-Wbuiltin-declaration-mismatch]
 char copysign ();
      ^~~~~~~~
configure:18853: $? = 0
configure:18853: result: yes
configure:18859: checking for copysignf
configure:18859: powerpc64-ps3-elf-gcc -o conftest -O2 -Wall -I/usr/local/ps3dev/ppu/include -Iinclude -I/mnt/c/SDL2PSL1GHT/include -idirafter /mnt/c/SDL2PSL1GHT/src/video/khronos   -Iinclude -I/mnt/c/SDL2PSL1GHT/include -idirafter /mnt/c/SDL2PSL1GHT/src/video/khronos  -L/usr/local/ps3dev/ppu/lib -lrt -llv2 conftest.c  -lm >&5
conftest.c:111:6: warning: conflicting types for built-in function 'copysignf' [-Wbuiltin-declaration-mismatch]
 char copysignf ();
      ^~~~~~~~~
configure:18859: $? = 0
configure:18859: result: yes
configure:18865: checking for cos
configure:18865: powerpc64-ps3-elf-gcc -o conftest -O2 -Wall -I/usr/local/ps3dev/ppu/include -Iinclude -I/mnt/c/SDL2PSL1GHT/include -idirafter /mnt/c/SDL2PSL1GHT/src/video/khronos   -Iinclude -I/mnt/c/SDL2PSL1GHT/include -idirafter /mnt/c/SDL2PSL1GHT/src/video/khronos  -L/usr/local/ps3dev/ppu/lib -lrt -llv2 conftest.c  -lm >&5
conftest.c:112:6: warning: conflicting types for built-in function 'cos' [-Wbuiltin-declaration-mismatch]
 char cos ();
      ^~~
configure:18865: $? = 0
configure:18865: result: yes
configure:18871: checking for cosf
configure:18871: powerpc64-ps3-elf-gcc -o conftest -O2 -Wall -I/usr/local/ps3dev/ppu/include -Iinclude -I/mnt/c/SDL2PSL1GHT/include -idirafter /mnt/c/SDL2PSL1GHT/src/video/khronos   -Iinclude -I/mnt/c/SDL2PSL1GHT/include -idirafter /mnt/c/SDL2PSL1GHT/src/video/khronos  -L/usr/local/ps3dev/ppu/lib -lrt -llv2 conftest.c  -lm >&5
conftest.c:113:6: warning: conflicting types for built-in function 'cosf' [-Wbuiltin-declaration-mismatch]
 char cosf ();
      ^~~~
configure:18871: $? = 0
configure:18871: result: yes
configure:18877: checking for exp
configure:18877: powerpc64-ps3-elf-gcc -o conftest -O2 -Wall -I/usr/local/ps3dev/ppu/include -Iinclude -I/mnt/c/SDL2PSL1GHT/include -idirafter /mnt/c/SDL2PSL1GHT/src/video/khronos   -Iinclude -I/mnt/c/SDL2PSL1GHT/include -idirafter /mnt/c/SDL2PSL1GHT/src/video/khronos  -L/usr/local/ps3dev/ppu/lib -lrt -llv2 conftest.c  -lm >&5
conftest.c:114:6: warning: conflicting types for built-in function 'exp' [-Wbuiltin-declaration-mismatch]
 char exp ();
      ^~~
configure:18877: $? = 0
configure:18877: result: yes
configure:18883: checking for expf
configure:18883: powerpc64-ps3-elf-gcc -o conftest -O2 -Wall -I/usr/local/ps3dev/ppu/include -Iinclude -I/mnt/c/SDL2PSL1GHT/include -idirafter /mnt/c/SDL2PSL1GHT/src/video/khronos   -Iinclude -I/mnt/c/SDL2PSL1GHT/include -idirafter /mnt/c/SDL2PSL1GHT/src/video/khronos  -L/usr/local/ps3dev/ppu/lib -lrt -llv2 conftest.c  -lm >&5
conftest.c:115:6: warning: conflicting types for built-in function 'expf' [-Wbuiltin-declaration-mismatch]
 char expf ();
      ^~~~
configure:18883: $? = 0
configure:18883: result: yes
configure:18889: checking for fabs
configure:18889: powerpc64-ps3-elf-gcc -o conftest -O2 -Wall -I/usr/local/ps3dev/ppu/include -Iinclude -I/mnt/c/SDL2PSL1GHT/include -idirafter /mnt/c/SDL2PSL1GHT/src/video/khronos   -Iinclude -I/mnt/c/SDL2PSL1GHT/include -idirafter /mnt/c/SDL2PSL1GHT/src/video/khronos  -L/usr/local/ps3dev/ppu/lib -lrt -llv2 conftest.c  -lm >&5
conftest.c:116:6: warning: conflicting types for built-in function 'fabs' [-Wbuiltin-declaration-mismatch]
 char fabs ();
      ^~~~
configure:18889: $? = 0
configure:18889: result: yes
configure:18895: checking for fabsf
configure:18895: powerpc64-ps3-elf-gcc -o conftest -O2 -Wall -I/usr/local/ps3dev/ppu/include -Iinclude -I/mnt/c/SDL2PSL1GHT/include -idirafter /mnt/c/SDL2PSL1GHT/src/video/khronos   -Iinclude -I/mnt/c/SDL2PSL1GHT/include -idirafter /mnt/c/SDL2PSL1GHT/src/video/khronos  -L/usr/local/ps3dev/ppu/lib -lrt -llv2 conftest.c  -lm >&5
conftest.c:117:6: warning: conflicting types for built-in function 'fabsf' [-Wbuiltin-declaration-mismatch]
 char fabsf ();
      ^~~~~
configure:18895: $? = 0
configure:18895: result: yes
configure:18901: checking for floor
configure:18901: powerpc64-ps3-elf-gcc -o conftest -O2 -Wall -I/usr/local/ps3dev/ppu/include -Iinclude -I/mnt/c/SDL2PSL1GHT/include -idirafter /mnt/c/SDL2PSL1GHT/src/video/khronos   -Iinclude -I/mnt/c/SDL2PSL1GHT/include -idirafter /mnt/c/SDL2PSL1GHT/src/video/khronos  -L/usr/local/ps3dev/ppu/lib -lrt -llv2 conftest.c  -lm >&5
conftest.c:118:6: warning: conflicting types for built-in function 'floor' [-Wbuiltin-declaration-mismatch]
 char floor ();
      ^~~~~
configure:18901: $? = 0
configure:18901: result: yes
configure:18907: checking for floorf
configure:18907: powerpc64-ps3-elf-gcc -o conftest -O2 -Wall -I/usr/local/ps3dev/ppu/include -Iinclude -I/mnt/c/SDL2PSL1GHT/include -idirafter /mnt/c/SDL2PSL1GHT/src/video/khronos   -Iinclude -I/mnt/c/SDL2PSL1GHT/include -idirafter /mnt/c/SDL2PSL1GHT/src/video/khronos  -L/usr/local/ps3dev/ppu/lib -lrt -llv2 conftest.c  -lm >&5
conftest.c:119:6: warning: conflicting types for built-in function 'floorf' [-Wbuiltin-declaration-mismatch]
 char floorf ();
      ^~~~~~
configure:18907: $? = 0
configure:18907: result: yes
configure:18913: checking for trunc
configure:18913: powerpc64-ps3-elf-gcc -o conftest -O2 -Wall -I/usr/local/ps3dev/ppu/include -Iinclude -I/mnt/c/SDL2PSL1GHT/include -idirafter /mnt/c/SDL2PSL1GHT/src/video/khronos   -Iinclude -I/mnt/c/SDL2PSL1GHT/include -idirafter /mnt/c/SDL2PSL1GHT/src/video/khronos  -L/usr/local/ps3dev/ppu/lib -lrt -llv2 conftest.c  -lm >&5
conftest.c:120:6: warning: conflicting types for built-in function 'trunc' [-Wbuiltin-declaration-mismatch]
 char trunc ();
      ^~~~~
configure:18913: $? = 0
configure:18913: result: yes
configure:18919: checking for truncf
configure:18919: powerpc64-ps3-elf-gcc -o conftest -O2 -Wall -I/usr/local/ps3dev/ppu/include -Iinclude -I/mnt/c/SDL2PSL1GHT/include -idirafter /mnt/c/SDL2PSL1GHT/src/video/khronos   -Iinclude -I/mnt/c/SDL2PSL1GHT/include -idirafter /mnt/c/SDL2PSL1GHT/src/video/khronos  -L/usr/local/ps3dev/ppu/lib -lrt -llv2 conftest.c  -lm >&5
conftest.c:121:6: warning: conflicting types for built-in function 'truncf' [-Wbuiltin-declaration-mismatch]
 char truncf ();
      ^~~~~~
configure:18919: $? = 0
configure:18919: result: yes
configure:18925: checking for fmod
configure:18925: powerpc64-ps3-elf-gcc -o conftest -O2 -Wall -I/usr/local/ps3dev/ppu/include -Iinclude -I/mnt/c/SDL2PSL1GHT/include -idirafter /mnt/c/SDL2PSL1GHT/src/video/khronos   -Iinclude -I/mnt/c/SDL2PSL1GHT/include -idirafter /mnt/c/SDL2PSL1GHT/src/video/khronos  -L/usr/local/ps3dev/ppu/lib -lrt -llv2 conftest.c  -lm >&5
conftest.c:122:6: warning: conflicting types for built-in function 'fmod' [-Wbuiltin-declaration-mismatch]
 char fmod ();
      ^~~~
configure:18925: $? = 0
configure:18925: result: yes
configure:18931: checking for fmodf
configure:18931: powerpc64-ps3-elf-gcc -o conftest -O2 -Wall -I/usr/local/ps3dev/ppu/include -Iinclude -I/mnt/c/SDL2PSL1GHT/include -idirafter /mnt/c/SDL2PSL1GHT/src/video/khronos   -Iinclude -I/mnt/c/SDL2PSL1GHT/include -idirafter /mnt/c/SDL2PSL1GHT/src/video/khronos  -L/usr/local/ps3dev/ppu/lib -lrt -llv2 conftest.c  -lm >&5
conftest.c:123:6: warning: conflicting types for built-in function 'fmodf' [-Wbuiltin-declaration-mismatch]
 char fmodf ();
      ^~~~~
configure:18931: $? = 0
configure:18931: result: yes
configure:18937: checking for log
configure:18937: powerpc64-ps3-elf-gcc -o conftest -O2 -Wall -I/usr/local/ps3dev/ppu/include -Iinclude -I/mnt/c/SDL2PSL1GHT/include -idirafter /mnt/c/SDL2PSL1GHT/src/video/khronos   -Iinclude -I/mnt/c/SDL2PSL1GHT/include -idirafter /mnt/c/SDL2PSL1GHT/src/video/khronos  -L/usr/local/ps3dev/ppu/lib -lrt -llv2 conftest.c  -lm >&5
conftest.c:124:6: warning: conflicting types for built-in function 'log' [-Wbuiltin-declaration-mismatch]
 char log ();
      ^~~
configure:18937: $? = 0
configure:18937: result: yes
configure:18943: checking for logf
configure:18943: powerpc64-ps3-elf-gcc -o conftest -O2 -Wall -I/usr/local/ps3dev/ppu/include -Iinclude -I/mnt/c/SDL2PSL1GHT/include -idirafter /mnt/c/SDL2PSL1GHT/src/video/khronos   -Iinclude -I/mnt/c/SDL2PSL1GHT/include -idirafter /mnt/c/SDL2PSL1GHT/src/video/khronos  -L/usr/local/ps3dev/ppu/lib -lrt -llv2 conftest.c  -lm >&5
conftest.c:125:6: warning: conflicting types for built-in function 'logf' [-Wbuiltin-declaration-mismatch]
 char logf ();
      ^~~~
configure:18943: $? = 0
configure:18943: result: yes
configure:18949: checking for log10
configure:18949: powerpc64-ps3-elf-gcc -o conftest -O2 -Wall -I/usr/local/ps3dev/ppu/include -Iinclude -I/mnt/c/SDL2PSL1GHT/include -idirafter /mnt/c/SDL2PSL1GHT/src/video/khronos   -Iinclude -I/mnt/c/SDL2PSL1GHT/include -idirafter /mnt/c/SDL2PSL1GHT/src/video/khronos  -L/usr/local/ps3dev/ppu/lib -lrt -llv2 conftest.c  -lm >&5
conftest.c:126:6: warning: conflicting types for built-in function 'log10' [-Wbuiltin-declaration-mismatch]
 char log10 ();
      ^~~~~
configure:18949: $? = 0
configure:18949: result: yes
configure:18955: checking for log10f
configure:18955: powerpc64-ps3-elf-gcc -o conftest -O2 -Wall -I/usr/local/ps3dev/ppu/include -Iinclude -I/mnt/c/SDL2PSL1GHT/include -idirafter /mnt/c/SDL2PSL1GHT/src/video/khronos   -Iinclude -I/mnt/c/SDL2PSL1GHT/include -idirafter /mnt/c/SDL2PSL1GHT/src/video/khronos  -L/usr/local/ps3dev/ppu/lib -lrt -llv2 conftest.c  -lm >&5
conftest.c:127:6: warning: conflicting types for built-in function 'log10f' [-Wbuiltin-declaration-mismatch]
 char log10f ();
      ^~~~~~
configure:18955: $? = 0
configure:18955: result: yes
configure:18961: checking for pow
configure:18961: result: no
configure:18967: checking for powf
configure:18967: powerpc64-ps3-elf-gcc -o conftest -O2 -Wall -I/usr/local/ps3dev/ppu/include -Iinclude -I/mnt/c/SDL2PSL1GHT/include -idirafter /mnt/c/SDL2PSL1GHT/src/video/khronos   -Iinclude -I/mnt/c/SDL2PSL1GHT/include -idirafter /mnt/c/SDL2PSL1GHT/src/video/khronos  -L/usr/local/ps3dev/ppu/lib -lrt -llv2 conftest.c  -lm >&5
conftest.c:128:6: warning: conflicting types for built-in function 'powf' [-Wbuiltin-declaration-mismatch]
 char powf ();
      ^~~~
configure:18967: $? = 0
configure:18967: result: yes
configure:18973: checking for scalbn
configure:18973: powerpc64-ps3-elf-gcc -o conftest -O2 -Wall -I/usr/local/ps3dev/ppu/include -Iinclude -I/mnt/c/SDL2PSL1GHT/include -idirafter /mnt/c/SDL2PSL1GHT/src/video/khronos   -Iinclude -I/mnt/c/SDL2PSL1GHT/include -idirafter /mnt/c/SDL2PSL1GHT/src/video/khronos  -L/usr/local/ps3dev/ppu/lib -lrt -llv2 conftest.c  -lm >&5
conftest.c:129:6: warning: conflicting types for built-in function 'scalbn' [-Wbuiltin-declaration-mismatch]
 char scalbn ();
      ^~~~~~
configure:18973: $? = 0
configure:18973: result: yes
configure:18979: checking for scalbnf
configure:18979: powerpc64-ps3-elf-gcc -o conftest -O2 -Wall -I/usr/local/ps3dev/ppu/include -Iinclude -I/mnt/c/SDL2PSL1GHT/include -idirafter /mnt/c/SDL2PSL1GHT/src/video/khronos   -Iinclude -I/mnt/c/SDL2PSL1GHT/include -idirafter /mnt/c/SDL2PSL1GHT/src/video/khronos  -L/usr/local/ps3dev/ppu/lib -lrt -llv2 conftest.c  -lm >&5
conftest.c:130:6: warning: conflicting types for built-in function 'scalbnf' [-Wbuiltin-declaration-mismatch]
 char scalbnf ();
      ^~~~~~~
configure:18979: $? = 0
configure:18979: result: yes
configure:18985: checking for sin
configure:18985: powerpc64-ps3-elf-gcc -o conftest -O2 -Wall -I/usr/local/ps3dev/ppu/include -Iinclude -I/mnt/c/SDL2PSL1GHT/include -idirafter /mnt/c/SDL2PSL1GHT/src/video/khronos   -Iinclude -I/mnt/c/SDL2PSL1GHT/include -idirafter /mnt/c/SDL2PSL1GHT/src/video/khronos  -L/usr/local/ps3dev/ppu/lib -lrt -llv2 conftest.c  -lm >&5
conftest.c:131:6: warning: conflicting types for built-in function 'sin' [-Wbuiltin-declaration-mismatch]
 char sin ();
      ^~~
configure:18985: $? = 0
configure:18985: result: yes
configure:18991: checking for sinf
configure:18991: powerpc64-ps3-elf-gcc -o conftest -O2 -Wall -I/usr/local/ps3dev/ppu/include -Iinclude -I/mnt/c/SDL2PSL1GHT/include -idirafter /mnt/c/SDL2PSL1GHT/src/video/khronos   -Iinclude -I/mnt/c/SDL2PSL1GHT/include -idirafter /mnt/c/SDL2PSL1GHT/src/video/khronos  -L/usr/local/ps3dev/ppu/lib -lrt -llv2 conftest.c  -lm >&5
conftest.c:132:6: warning: conflicting types for built-in function 'sinf' [-Wbuiltin-declaration-mismatch]
 char sinf ();
      ^~~~
configure:18991: $? = 0
configure:18991: result: yes
configure:18997: checking for sqrt
configure:18997: powerpc64-ps3-elf-gcc -o conftest -O2 -Wall -I/usr/local/ps3dev/ppu/include -Iinclude -I/mnt/c/SDL2PSL1GHT/include -idirafter /mnt/c/SDL2PSL1GHT/src/video/khronos   -Iinclude -I/mnt/c/SDL2PSL1GHT/include -idirafter /mnt/c/SDL2PSL1GHT/src/video/khronos  -L/usr/local/ps3dev/ppu/lib -lrt -llv2 conftest.c  -lm >&5
conftest.c:133:6: warning: conflicting types for built-in function 'sqrt' [-Wbuiltin-declaration-mismatch]
 char sqrt ();
      ^~~~
configure:18997: $? = 0
configure:18997: result: yes
configure:19003: checking for sqrtf
configure:19003: powerpc64-ps3-elf-gcc -o conftest -O2 -Wall -I/usr/local/ps3dev/ppu/include -Iinclude -I/mnt/c/SDL2PSL1GHT/include -idirafter /mnt/c/SDL2PSL1GHT/src/video/khronos   -Iinclude -I/mnt/c/SDL2PSL1GHT/include -idirafter /mnt/c/SDL2PSL1GHT/src/video/khronos  -L/usr/local/ps3dev/ppu/lib -lrt -llv2 conftest.c  -lm >&5
conftest.c:134:6: warning: conflicting types for built-in function 'sqrtf' [-Wbuiltin-declaration-mismatch]
 char sqrtf ();
      ^~~~~
configure:19003: $? = 0
configure:19003: result: yes
configure:19009: checking for tan
configure:19009: powerpc64-ps3-elf-gcc -o conftest -O2 -Wall -I/usr/local/ps3dev/ppu/include -Iinclude -I/mnt/c/SDL2PSL1GHT/include -idirafter /mnt/c/SDL2PSL1GHT/src/video/khronos   -Iinclude -I/mnt/c/SDL2PSL1GHT/include -idirafter /mnt/c/SDL2PSL1GHT/src/video/khronos  -L/usr/local/ps3dev/ppu/lib -lrt -llv2 conftest.c  -lm >&5
conftest.c:135:6: warning: conflicting types for built-in function 'tan' [-Wbuiltin-declaration-mismatch]
 char tan ();
      ^~~
configure:19009: $? = 0
configure:19009: result: yes
configure:19015: checking for tanf
configure:19015: powerpc64-ps3-elf-gcc -o conftest -O2 -Wall -I/usr/local/ps3dev/ppu/include -Iinclude -I/mnt/c/SDL2PSL1GHT/include -idirafter /mnt/c/SDL2PSL1GHT/src/video/khronos   -Iinclude -I/mnt/c/SDL2PSL1GHT/include -idirafter /mnt/c/SDL2PSL1GHT/src/video/khronos  -L/usr/local/ps3dev/ppu/lib -lrt -llv2 conftest.c  -lm >&5
conftest.c:136:6: warning: conflicting types for built-in function 'tanf' [-Wbuiltin-declaration-mismatch]
 char tanf ();
      ^~~~
configure:19015: $? = 0
configure:19015: result: yes
configure:19023: checking for iconv_open in -liconv
configure:19046: powerpc64-ps3-elf-gcc -o conftest -O2 -Wall -I/usr/local/ps3dev/ppu/include -Iinclude -I/mnt/c/SDL2PSL1GHT/include -idirafter /mnt/c/SDL2PSL1GHT/src/video/khronos   -Iinclude -I/mnt/c/SDL2PSL1GHT/include -idirafter /mnt/c/SDL2PSL1GHT/src/video/khronos  -L/usr/local/ps3dev/ppu/lib -lrt -llv2 conftest.c -liconv   -lm >&5
/usr/local/ps3dev/ppu/lib/gcc/powerpc64-ps3-elf/7.2.0/../../../../powerpc64-ps3-elf/bin/ld: cannot find -liconv
collect2: error: ld returned 1 exit status
configure:19046: $? = 1
configure: failed program was:
| /* confdefs.h */
| #define PACKAGE_NAME ""
| #define PACKAGE_TARNAME ""
| #define PACKAGE_VERSION ""
| #define PACKAGE_STRING ""
| #define PACKAGE_BUGREPORT ""
| #define PACKAGE_URL ""
| #define HAVE_STDIO_H 1
| #define HAVE_STDLIB_H 1
| #define HAVE_STRING_H 1
| #define HAVE_INTTYPES_H 1
| #define HAVE_STDINT_H 1
| #define HAVE_STRINGS_H 1
| #define HAVE_SYS_STAT_H 1
| #define HAVE_SYS_TYPES_H 1
| #define HAVE_UNISTD_H 1
| #define STDC_HEADERS 1
| #define LT_OBJDIR ".libs/"
| #define HAVE_LIBC 1
| #define HAVE_SYS_TYPES_H 1
| #define HAVE_STDIO_H 1
| #define HAVE_STDLIB_H 1
| #define HAVE_STDDEF_H 1
| #define HAVE_STDARG_H 1
| #define HAVE_MALLOC_H 1
| #define HAVE_STRING_H 1
| #define HAVE_STRINGS_H 1
| #define HAVE_WCHAR_H 1
| #define HAVE_INTTYPES_H 1
| #define HAVE_STDINT_H 1
| #define HAVE_LIMITS_H 1
| #define HAVE_CTYPE_H 1
| #define HAVE_MATH_H 1
| #define HAVE_FLOAT_H 1
| #define HAVE_ICONV_H 1
| #define HAVE_SIGNAL_H 1
| #define HAVE_M_PI /**/
| #define HAVE_ALLOCA_H 1
| #define HAVE_ALLOCA 1
| #define HAVE_MALLOC 1
| #define HAVE_CALLOC 1
| #define HAVE_REALLOC 1
| #define HAVE_FREE 1
| #define HAVE_GETENV 1
| #define HAVE_SETENV 1
| #define HAVE_PUTENV 1
| #define HAVE_UNSETENV 1
| #define HAVE_QSORT 1
| #define HAVE_ABS 1
| #define HAVE_BCOPY 1
| #define HAVE_MEMSET 1
| #define HAVE_MEMCPY 1
| #define HAVE_MEMMOVE 1
| #define HAVE_WCSLEN 1
| #define HAVE_WCSLCPY 1
| #define HAVE_WCSLCAT 1
| #define HAVE_WCSDUP 1
| #define HAVE_WCSSTR 1
| #define HAVE_WCSCMP 1
| #define HAVE_WCSNCMP 1
| #define HAVE_STRLEN 1
| #define HAVE_STRLCPY 1
| #define HAVE_STRLCAT 1
| #define HAVE_STRCHR 1
| #define HAVE_STRRCHR 1
| #define HAVE_STRSTR 1
| #define HAVE_STRTOK_R 1
| #define HAVE_STRTOL 1
| #define HAVE_STRTOUL 1
| #define HAVE_STRTOLL 1
| #define HAVE_STRTOULL 1
| #define HAVE_ATOI 1
| #define HAVE_ATOF 1
| #define HAVE_STRCMP 1
| #define HAVE_STRNCMP 1
| #define HAVE_STRCASECMP 1
| #define HAVE_STRNCASECMP 1
| #define HAVE_VSSCANF 1
| #define HAVE_VSNPRINTF 1
| #define HAVE_FSEEKO 1
| #define HAVE_SETJMP 1
| #define HAVE__EXIT 1
| #define HAVE_ACOS 1
| #define HAVE_ACOSF 1
| #define HAVE_ASIN 1
| #define HAVE_ASINF 1
| #define HAVE_ATAN 1
| #define HAVE_ATANF 1
| #define HAVE_ATAN2 1
| #define HAVE_ATAN2F 1
| #define HAVE_CEIL 1
| #define HAVE_CEILF 1
| #define HAVE_COPYSIGN 1
| #define HAVE_COPYSIGNF 1
| #define HAVE_COS 1
| #define HAVE_COSF 1
| #define HAVE_EXP 1
| #define HAVE_EXPF 1
| #define HAVE_FABS 1
| #define HAVE_FABSF 1
| #define HAVE_FLOOR 1
| #define HAVE_FLOORF 1
| #define HAVE_TRUNC 1
| #define HAVE_TRUNCF 1
| #define HAVE_FMOD 1
| #define HAVE_FMODF 1
| #define HAVE_LOG 1
| #define HAVE_LOGF 1
| #define HAVE_LOG10 1
| #define HAVE_LOG10F 1
| #define HAVE_POWF 1
| #define HAVE_SCALBN 1
| #define HAVE_SCALBNF 1
| #define HAVE_SIN 1
| #define HAVE_SINF 1
| #define HAVE_SQRT 1
| #define HAVE_SQRTF 1
| #define HAVE_TAN 1
| #define HAVE_TANF 1
| /* end confdefs.h.  */
| 
| /* Override any GCC internal prototype to avoid an error.
|    Use char because int might match the return type of a GCC
|    builtin and then its argument prototype would still apply.  */
| char iconv_open ();
| int
| main (void)
| {
| return iconv_open ();
|   ;
|   return 0;
| }
configure:19056: result: no
configure:19063: checking for iconv
configure:19063: powerpc64-ps3-elf-gcc -o conftest -O2 -Wall -I/usr/local/ps3dev/ppu/include -Iinclude -I/mnt/c/SDL2PSL1GHT/include -idirafter /mnt/c/SDL2PSL1GHT/src/video/khronos   -Iinclude -I/mnt/c/SDL2PSL1GHT/include -idirafter /mnt/c/SDL2PSL1GHT/src/video/khronos  -L/usr/local/ps3dev/ppu/lib -lrt -llv2 conftest.c  -lm >&5
/tmp/ccWV1UQZ.o:(.text.startup.main+0xc): undefined reference to `iconv'
collect2: error: ld returned 1 exit status
configure:19063: $? = 1
configure: failed program was:
| /* confdefs.h */
| #define PACKAGE_NAME ""
| #define PACKAGE_TARNAME ""
| #define PACKAGE_VERSION ""
| #define PACKAGE_STRING ""
| #define PACKAGE_BUGREPORT ""
| #define PACKAGE_URL ""
| #define HAVE_STDIO_H 1
| #define HAVE_STDLIB_H 1
| #define HAVE_STRING_H 1
| #define HAVE_INTTYPES_H 1
| #define HAVE_STDINT_H 1
| #define HAVE_STRINGS_H 1
| #define HAVE_SYS_STAT_H 1
| #define HAVE_SYS_TYPES_H 1
| #define HAVE_UNISTD_H 1
| #define STDC_HEADERS 1
| #define LT_OBJDIR ".libs/"
| #define HAVE_LIBC 1
| #define HAVE_SYS_TYPES_H 1
| #define HAVE_STDIO_H 1
| #define HAVE_STDLIB_H 1
| #define HAVE_STDDEF_H 1
| #define HAVE_STDARG_H 1
| #define HAVE_MALLOC_H 1
| #define HAVE_STRING_H 1
| #define HAVE_STRINGS_H 1
| #define HAVE_WCHAR_H 1
| #define HAVE_INTTYPES_H 1
| #define HAVE_STDINT_H 1
| #define HAVE_LIMITS_H 1
| #define HAVE_CTYPE_H 1
| #define HAVE_MATH_H 1
| #define HAVE_FLOAT_H 1
| #define HAVE_ICONV_H 1
| #define HAVE_SIGNAL_H 1
| #define HAVE_M_PI /**/
| #define HAVE_ALLOCA_H 1
| #define HAVE_ALLOCA 1
| #define HAVE_MALLOC 1
| #define HAVE_CALLOC 1
| #define HAVE_REALLOC 1
| #define HAVE_FREE 1
| #define HAVE_GETENV 1
| #define HAVE_SETENV 1
| #define HAVE_PUTENV 1
| #define HAVE_UNSETENV 1
| #define HAVE_QSORT 1
| #define HAVE_ABS 1
| #define HAVE_BCOPY 1
| #define HAVE_MEMSET 1
| #define HAVE_MEMCPY 1
| #define HAVE_MEMMOVE 1
| #define HAVE_WCSLEN 1
| #define HAVE_WCSLCPY 1
| #define HAVE_WCSLCAT 1
| #define HAVE_WCSDUP 1
| #define HAVE_WCSSTR 1
| #define HAVE_WCSCMP 1
| #define HAVE_WCSNCMP 1
| #define HAVE_STRLEN 1
| #define HAVE_STRLCPY 1
| #define HAVE_STRLCAT 1
| #define HAVE_STRCHR 1
| #define HAVE_STRRCHR 1
| #define HAVE_STRSTR 1
| #define HAVE_STRTOK_R 1
| #define HAVE_STRTOL 1
| #define HAVE_STRTOUL 1
| #define HAVE_STRTOLL 1
| #define HAVE_STRTOULL 1
| #define HAVE_ATOI 1
| #define HAVE_ATOF 1
| #define HAVE_STRCMP 1
| #define HAVE_STRNCMP 1
| #define HAVE_STRCASECMP 1
| #define HAVE_STRNCASECMP 1
| #define HAVE_VSSCANF 1
| #define HAVE_VSNPRINTF 1
| #define HAVE_FSEEKO 1
| #define HAVE_SETJMP 1
| #define HAVE__EXIT 1
| #define HAVE_ACOS 1
| #define HAVE_ACOSF 1
| #define HAVE_ASIN 1
| #define HAVE_ASINF 1
| #define HAVE_ATAN 1
| #define HAVE_ATANF 1
| #define HAVE_ATAN2 1
| #define HAVE_ATAN2F 1
| #define HAVE_CEIL 1
| #define HAVE_CEILF 1
| #define HAVE_COPYSIGN 1
| #define HAVE_COPYSIGNF 1
| #define HAVE_COS 1
| #define HAVE_COSF 1
| #define HAVE_EXP 1
| #define HAVE_EXPF 1
| #define HAVE_FABS 1
| #define HAVE_FABSF 1
| #define HAVE_FLOOR 1
| #define HAVE_FLOORF 1
| #define HAVE_TRUNC 1
| #define HAVE_TRUNCF 1
| #define HAVE_FMOD 1
| #define HAVE_FMODF 1
| #define HAVE_LOG 1
| #define HAVE_LOGF 1
| #define HAVE_LOG10 1
| #define HAVE_LOG10F 1
| #define HAVE_POWF 1
| #define HAVE_SCALBN 1
| #define HAVE_SCALBNF 1
| #define HAVE_SIN 1
| #define HAVE_SINF 1
| #define HAVE_SQRT 1
| #define HAVE_SQRTF 1
| #define HAVE_TAN 1
| #define HAVE_TANF 1
| /* end confdefs.h.  */
| /* Define iconv to an innocuous variant, in case <limits.h> declares iconv.
|    For example, HP-UX 11i <limits.h> declares gettimeofday.  */
| #define iconv innocuous_iconv
| 
| /* System header to define __stub macros and hopefully few prototypes,
|    which can conflict with char iconv (); below.  */
| 
| #include <limits.h>
| #undef iconv
| 
| /* Override any GCC internal prototype to avoid an error.
|    Use char because int might match the return type of a GCC
|    builtin and then its argument prototype would still apply.  */
| #ifdef __cplusplus
| extern "C"
| #endif
| char iconv ();
| /* The GNU C library defines this for functions which it implements
|     to always fail with ENOSYS.  Some functions are actually named
|     something starting with __ and the normal name is an alias.  */
| #if defined __stub_iconv || defined __stub___iconv
| choke me
| #endif
| 
| int
| main (void)
| {
| return iconv ();
|   ;
|   return 0;
| }
configure:19063: result: no
configure:19071: checking for struct sigaction.sa_sigaction
configure:19071: powerpc64-ps3-elf-gcc -c -O2 -Wall -I/usr/local/ps3dev/ppu/include -Iinclude -I/mnt/c/SDL2PSL1GHT/include -idirafter /mnt/c/SDL2PSL1GHT/src/video/khronos   -Iinclude -I/mnt/c/SDL2PSL1GHT/include -idirafter /mnt/c/SDL2PSL1GHT/src/video/khronos  conftest.c >&5
conftest.c: In function 'main':
conftest.c:127:12: error: 'struct sigaction' has no member named 'sa_sigaction'
 if (ac_aggr.sa_sigaction)
            ^
conftest.c:126:25: warning: variable 'ac_aggr' set but not used [-Wunused-but-set-variable]
 static struct sigaction ac_aggr;
                         ^~~~~~~
configure:19071: $? = 1
configure: failed program was:
| /* confdefs.h */
| #define PACKAGE_NAME ""
| #define PACKAGE_TARNAME ""
| #define PACKAGE_VERSION ""
| #define PACKAGE_STRING ""
| #define PACKAGE_BUGREPORT ""
| #define PACKAGE_URL ""
| #define HAVE_STDIO_H 1
| #define HAVE_STDLIB_H 1
| #define HAVE_STRING_H 1
| #define HAVE_INTTYPES_H 1
| #define HAVE_STDINT_H 1
| #define HAVE_STRINGS_H 1
| #define HAVE_SYS_STAT_H 1
| #define HAVE_SYS_TYPES_H 1
| #define HAVE_UNISTD_H 1
| #define STDC_HEADERS 1
| #define LT_OBJDIR ".libs/"
| #define HAVE_LIBC 1
| #define HAVE_SYS_TYPES_H 1
| #define HAVE_STDIO_H 1
| #define HAVE_STDLIB_H 1
| #define HAVE_STDDEF_H 1
| #define HAVE_STDARG_H 1
| #define HAVE_MALLOC_H 1
| #define HAVE_STRING_H 1
| #define HAVE_STRINGS_H 1
| #define HAVE_WCHAR_H 1
| #define HAVE_INTTYPES_H 1
| #define HAVE_STDINT_H 1
| #define HAVE_LIMITS_H 1
| #define HAVE_CTYPE_H 1
| #define HAVE_MATH_H 1
| #define HAVE_FLOAT_H 1
| #define HAVE_ICONV_H 1
| #define HAVE_SIGNAL_H 1
| #define HAVE_M_PI /**/
| #define HAVE_ALLOCA_H 1
| #define HAVE_ALLOCA 1
| #define HAVE_MALLOC 1
| #define HAVE_CALLOC 1
| #define HAVE_REALLOC 1
| #define HAVE_FREE 1
| #define HAVE_GETENV 1
| #define HAVE_SETENV 1
| #define HAVE_PUTENV 1
| #define HAVE_UNSETENV 1
| #define HAVE_QSORT 1
| #define HAVE_ABS 1
| #define HAVE_BCOPY 1
| #define HAVE_MEMSET 1
| #define HAVE_MEMCPY 1
| #define HAVE_MEMMOVE 1
| #define HAVE_WCSLEN 1
| #define HAVE_WCSLCPY 1
| #define HAVE_WCSLCAT 1
| #define HAVE_WCSDUP 1
| #define HAVE_WCSSTR 1
| #define HAVE_WCSCMP 1
| #define HAVE_WCSNCMP 1
| #define HAVE_STRLEN 1
| #define HAVE_STRLCPY 1
| #define HAVE_STRLCAT 1
| #define HAVE_STRCHR 1
| #define HAVE_STRRCHR 1
| #define HAVE_STRSTR 1
| #define HAVE_STRTOK_R 1
| #define HAVE_STRTOL 1
| #define HAVE_STRTOUL 1
| #define HAVE_STRTOLL 1
| #define HAVE_STRTOULL 1
| #define HAVE_ATOI 1
| #define HAVE_ATOF 1
| #define HAVE_STRCMP 1
| #define HAVE_STRNCMP 1
| #define HAVE_STRCASECMP 1
| #define HAVE_STRNCASECMP 1
| #define HAVE_VSSCANF 1
| #define HAVE_VSNPRINTF 1
| #define HAVE_FSEEKO 1
| #define HAVE_SETJMP 1
| #define HAVE__EXIT 1
| #define HAVE_ACOS 1
| #define HAVE_ACOSF 1
| #define HAVE_ASIN 1
| #define HAVE_ASINF 1
| #define HAVE_ATAN 1
| #define HAVE_ATANF 1
| #define HAVE_ATAN2 1
| #define HAVE_ATAN2F 1
| #define HAVE_CEIL 1
| #define HAVE_CEILF 1
| #define HAVE_COPYSIGN 1
| #define HAVE_COPYSIGNF 1
| #define HAVE_COS 1
| #define HAVE_COSF 1
| #define HAVE_EXP 1
| #define HAVE_EXPF 1
| #define HAVE_FABS 1
| #define HAVE_FABSF 1
| #define HAVE_FLOOR 1
| #define HAVE_FLOORF 1
| #define HAVE_TRUNC 1
| #define HAVE_TRUNCF 1
| #define HAVE_FMOD 1
| #define HAVE_FMODF 1
| #define HAVE_LOG 1
| #define HAVE_LOGF 1
| #define HAVE_LOG10 1
| #define HAVE_LOG10F 1
| #define HAVE_POWF 1
| #define HAVE_SCALBN 1
| #define HAVE_SCALBNF 1
| #define HAVE_SIN 1
| #define HAVE_SINF 1
| #define HAVE_SQRT 1
| #define HAVE_SQRTF 1
| #define HAVE_TAN 1
| #define HAVE_TANF 1
| /* end confdefs.h.  */
| #include <signal.h>
| 
| int
| main (void)
| {
| static struct sigaction ac_aggr;
| if (ac_aggr.sa_sigaction)
| return 0;
|   ;
|   return 0;
| }
configure:19071: powerpc64-ps3-elf-gcc -c -O2 -Wall -I/usr/local/ps3dev/ppu/include -Iinclude -I/mnt/c/SDL2PSL1GHT/include -idirafter /mnt/c/SDL2PSL1GHT/src/video/khronos   -Iinclude -I/mnt/c/SDL2PSL1GHT/include -idirafter /mnt/c/SDL2PSL1GHT/src/video/khronos  conftest.c >&5
conftest.c: In function 'main':
conftest.c:127:19: error: 'struct sigaction' has no member named 'sa_sigaction'
 if (sizeof ac_aggr.sa_sigaction)
                   ^
conftest.c:126:25: warning: variable 'ac_aggr' set but not used [-Wunused-but-set-variable]
 static struct sigaction ac_aggr;
                         ^~~~~~~
configure:19071: $? = 1
configure: failed program was:
| /* confdefs.h */
| #define PACKAGE_NAME ""
| #define PACKAGE_TARNAME ""
| #define PACKAGE_VERSION ""
| #define PACKAGE_STRING ""
| #define PACKAGE_BUGREPORT ""
| #define PACKAGE_URL ""
| #define HAVE_STDIO_H 1
| #define HAVE_STDLIB_H 1
| #define HAVE_STRING_H 1
| #define HAVE_INTTYPES_H 1
| #define HAVE_STDINT_H 1
| #define HAVE_STRINGS_H 1
| #define HAVE_SYS_STAT_H 1
| #define HAVE_SYS_TYPES_H 1
| #define HAVE_UNISTD_H 1
| #define STDC_HEADERS 1
| #define LT_OBJDIR ".libs/"
| #define HAVE_LIBC 1
| #define HAVE_SYS_TYPES_H 1
| #define HAVE_STDIO_H 1
| #define HAVE_STDLIB_H 1
| #define HAVE_STDDEF_H 1
| #define HAVE_STDARG_H 1
| #define HAVE_MALLOC_H 1
| #define HAVE_STRING_H 1
| #define HAVE_STRINGS_H 1
| #define HAVE_WCHAR_H 1
| #define HAVE_INTTYPES_H 1
| #define HAVE_STDINT_H 1
| #define HAVE_LIMITS_H 1
| #define HAVE_CTYPE_H 1
| #define HAVE_MATH_H 1
| #define HAVE_FLOAT_H 1
| #define HAVE_ICONV_H 1
| #define HAVE_SIGNAL_H 1
| #define HAVE_M_PI /**/
| #define HAVE_ALLOCA_H 1
| #define HAVE_ALLOCA 1
| #define HAVE_MALLOC 1
| #define HAVE_CALLOC 1
| #define HAVE_REALLOC 1
| #define HAVE_FREE 1
| #define HAVE_GETENV 1
| #define HAVE_SETENV 1
| #define HAVE_PUTENV 1
| #define HAVE_UNSETENV 1
| #define HAVE_QSORT 1
| #define HAVE_ABS 1
| #define HAVE_BCOPY 1
| #define HAVE_MEMSET 1
| #define HAVE_MEMCPY 1
| #define HAVE_MEMMOVE 1
| #define HAVE_WCSLEN 1
| #define HAVE_WCSLCPY 1
| #define HAVE_WCSLCAT 1
| #define HAVE_WCSDUP 1
| #define HAVE_WCSSTR 1
| #define HAVE_WCSCMP 1
| #define HAVE_WCSNCMP 1
| #define HAVE_STRLEN 1
| #define HAVE_STRLCPY 1
| #define HAVE_STRLCAT 1
| #define HAVE_STRCHR 1
| #define HAVE_STRRCHR 1
| #define HAVE_STRSTR 1
| #define HAVE_STRTOK_R 1
| #define HAVE_STRTOL 1
| #define HAVE_STRTOUL 1
| #define HAVE_STRTOLL 1
| #define HAVE_STRTOULL 1
| #define HAVE_ATOI 1
| #define HAVE_ATOF 1
| #define HAVE_STRCMP 1
| #define HAVE_STRNCMP 1
| #define HAVE_STRCASECMP 1
| #define HAVE_STRNCASECMP 1
| #define HAVE_VSSCANF 1
| #define HAVE_VSNPRINTF 1
| #define HAVE_FSEEKO 1
| #define HAVE_SETJMP 1
| #define HAVE__EXIT 1
| #define HAVE_ACOS 1
| #define HAVE_ACOSF 1
| #define HAVE_ASIN 1
| #define HAVE_ASINF 1
| #define HAVE_ATAN 1
| #define HAVE_ATANF 1
| #define HAVE_ATAN2 1
| #define HAVE_ATAN2F 1
| #define HAVE_CEIL 1
| #define HAVE_CEILF 1
| #define HAVE_COPYSIGN 1
| #define HAVE_COPYSIGNF 1
| #define HAVE_COS 1
| #define HAVE_COSF 1
| #define HAVE_EXP 1
| #define HAVE_EXPF 1
| #define HAVE_FABS 1
| #define HAVE_FABSF 1
| #define HAVE_FLOOR 1
| #define HAVE_FLOORF 1
| #define HAVE_TRUNC 1
| #define HAVE_TRUNCF 1
| #define HAVE_FMOD 1
| #define HAVE_FMODF 1
| #define HAVE_LOG 1
| #define HAVE_LOGF 1
| #define HAVE_LOG10 1
| #define HAVE_LOG10F 1
| #define HAVE_POWF 1
| #define HAVE_SCALBN 1
| #define HAVE_SCALBNF 1
| #define HAVE_SIN 1
| #define HAVE_SINF 1
| #define HAVE_SQRT 1
| #define HAVE_SQRTF 1
| #define HAVE_TAN 1
| #define HAVE_TANF 1
| /* end confdefs.h.  */
| #include <signal.h>
| 
| int
| main (void)
| {
| static struct sigaction ac_aggr;
| if (sizeof ac_aggr.sa_sigaction)
| return 0;
|   ;
|   return 0;
| }
configure:19071: result: no
configure:19081: checking for libunwind.h
configure:19081: powerpc64-ps3-elf-gcc -c -O2 -Wall -I/usr/local/ps3dev/ppu/include -Iinclude -I/mnt/c/SDL2PSL1GHT/include -idirafter /mnt/c/SDL2PSL1GHT/src/video/khronos   -Iinclude -I/mnt/c/SDL2PSL1GHT/include -idirafter /mnt/c/SDL2PSL1GHT/src/video/khronos  conftest.c >&5
conftest.c:149:10: fatal error: libunwind.h: No such file or directory
 #include <libunwind.h>
          ^~~~~~~~~~~~~
compilation terminated.
configure:19081: $? = 1
configure: failed program was:
| /* confdefs.h */
| #define PACKAGE_NAME ""
| #define PACKAGE_TARNAME ""
| #define PACKAGE_VERSION ""
| #define PACKAGE_STRING ""
| #define PACKAGE_BUGREPORT ""
| #define PACKAGE_URL ""
| #define HAVE_STDIO_H 1
| #define HAVE_STDLIB_H 1
| #define HAVE_STRING_H 1
| #define HAVE_INTTYPES_H 1
| #define HAVE_STDINT_H 1
| #define HAVE_STRINGS_H 1
| #define HAVE_SYS_STAT_H 1
| #define HAVE_SYS_TYPES_H 1
| #define HAVE_UNISTD_H 1
| #define STDC_HEADERS 1
| #define LT_OBJDIR ".libs/"
| #define HAVE_LIBC 1
| #define HAVE_SYS_TYPES_H 1
| #define HAVE_STDIO_H 1
| #define HAVE_STDLIB_H 1
| #define HAVE_STDDEF_H 1
| #define HAVE_STDARG_H 1
| #define HAVE_MALLOC_H 1
| #define HAVE_STRING_H 1
| #define HAVE_STRINGS_H 1
| #define HAVE_WCHAR_H 1
| #define HAVE_INTTYPES_H 1
| #define HAVE_STDINT_H 1
| #define HAVE_LIMITS_H 1
| #define HAVE_CTYPE_H 1
| #define HAVE_MATH_H 1
| #define HAVE_FLOAT_H 1
| #define HAVE_ICONV_H 1
| #define HAVE_SIGNAL_H 1
| #define HAVE_M_PI /**/
| #define HAVE_ALLOCA_H 1
| #define HAVE_ALLOCA 1
| #define HAVE_MALLOC 1
| #define HAVE_CALLOC 1
| #define HAVE_REALLOC 1
| #define HAVE_FREE 1
| #define HAVE_GETENV 1
| #define HAVE_SETENV 1
| #define HAVE_PUTENV 1
| #define HAVE_UNSETENV 1
| #define HAVE_QSORT 1
| #define HAVE_ABS 1
| #define HAVE_BCOPY 1
| #define HAVE_MEMSET 1
| #define HAVE_MEMCPY 1
| #define HAVE_MEMMOVE 1
| #define HAVE_WCSLEN 1
| #define HAVE_WCSLCPY 1
| #define HAVE_WCSLCAT 1
| #define HAVE_WCSDUP 1
| #define HAVE_WCSSTR 1
| #define HAVE_WCSCMP 1
| #define HAVE_WCSNCMP 1
| #define HAVE_STRLEN 1
| #define HAVE_STRLCPY 1
| #define HAVE_STRLCAT 1
| #define HAVE_STRCHR 1
| #define HAVE_STRRCHR 1
| #define HAVE_STRSTR 1
| #define HAVE_STRTOK_R 1
| #define HAVE_STRTOL 1
| #define HAVE_STRTOUL 1
| #define HAVE_STRTOLL 1
| #define HAVE_STRTOULL 1
| #define HAVE_ATOI 1
| #define HAVE_ATOF 1
| #define HAVE_STRCMP 1
| #define HAVE_STRNCMP 1
| #define HAVE_STRCASECMP 1
| #define HAVE_STRNCASECMP 1
| #define HAVE_VSSCANF 1
| #define HAVE_VSNPRINTF 1
| #define HAVE_FSEEKO 1
| #define HAVE_SETJMP 1
| #define HAVE__EXIT 1
| #define HAVE_ACOS 1
| #define HAVE_ACOSF 1
| #define HAVE_ASIN 1
| #define HAVE_ASINF 1
| #define HAVE_ATAN 1
| #define HAVE_ATANF 1
| #define HAVE_ATAN2 1
| #define HAVE_ATAN2F 1
| #define HAVE_CEIL 1
| #define HAVE_CEILF 1
| #define HAVE_COPYSIGN 1
| #define HAVE_COPYSIGNF 1
| #define HAVE_COS 1
| #define HAVE_COSF 1
| #define HAVE_EXP 1
| #define HAVE_EXPF 1
| #define HAVE_FABS 1
| #define HAVE_FABSF 1
| #define HAVE_FLOOR 1
| #define HAVE_FLOORF 1
| #define HAVE_TRUNC 1
| #define HAVE_TRUNCF 1
| #define HAVE_FMOD 1
| #define HAVE_FMODF 1
| #define HAVE_LOG 1
| #define HAVE_LOGF 1
| #define HAVE_LOG10 1
| #define HAVE_LOG10F 1
| #define HAVE_POWF 1
| #define HAVE_SCALBN 1
| #define HAVE_SCALBNF 1
| #define HAVE_SIN 1
| #define HAVE_SINF 1
| #define HAVE_SQRT 1
| #define HAVE_SQRTF 1
| #define HAVE_TAN 1
| #define HAVE_TANF 1
| /* end confdefs.h.  */
| #include <stddef.h>
| #ifdef HAVE_STDIO_H
| # include <stdio.h>
| #endif
| #ifdef HAVE_STDLIB_H
| # include <stdlib.h>
| #endif
| #ifdef HAVE_STRING_H
| # include <string.h>
| #endif
| #ifdef HAVE_INTTYPES_H
| # include <inttypes.h>
| #endif
| #ifdef HAVE_STDINT_H
| # include <stdint.h>
| #endif
| #ifdef HAVE_STRINGS_H
| # include <strings.h>
| #endif
| #ifdef HAVE_SYS_TYPES_H
| # include <sys/types.h>
| #endif
| #ifdef HAVE_SYS_STAT_H
| # include <sys/stat.h>
| #endif
| #ifdef HAVE_UNISTD_H
| # include <unistd.h>
| #endif
| #include <libunwind.h>
configure:19081: result: no
configure:19101: checking for GCC builtin atomic operations
configure:19123: powerpc64-ps3-elf-gcc -o conftest -O2 -Wall -I/usr/local/ps3dev/ppu/include -Iinclude -I/mnt/c/SDL2PSL1GHT/include -idirafter /mnt/c/SDL2PSL1GHT/src/video/khronos   -Iinclude -I/mnt/c/SDL2PSL1GHT/include -idirafter /mnt/c/SDL2PSL1GHT/src/video/khronos  -L/usr/local/ps3dev/ppu/lib -lrt -llv2 conftest.c  -lm >&5
conftest.c: In function 'main':
conftest.c:130:5: warning: value computed is not used [-Wunused-value]
     __sync_lock_test_and_set(&x, y);
     ^~~~~~~~~~~~~~~~~~~~~~~~~~~~~~~
conftest.c:130:5: warning: 'y' is used uninitialized in this function [-Wuninitialized]
     __sync_lock_test_and_set(&x, y);
     ^~~~~~~~~~~~~~~~~~~~~~~~
conftest.c:133:5: warning: 'z' is used uninitialized in this function [-Wuninitialized]
     __sync_bool_compare_and_swap(&x, y, z);
     ^~~~~~~~~~~~~~~~~~~~~~~~~~~~~~~~~~~~~~
configure:19123: $? = 0
configure:19131: result: yes
configure:19476: checking for GCC -mmmx option
configure:19507: powerpc64-ps3-elf-gcc -c -O2 -Wall -I/usr/local/ps3dev/ppu/include -Iinclude -I/mnt/c/SDL2PSL1GHT/include -idirafter /mnt/c/SDL2PSL1GHT/src/video/khronos  -mmmx  -Iinclude -I/mnt/c/SDL2PSL1GHT/include -idirafter /mnt/c/SDL2PSL1GHT/src/video/khronos  conftest.c >&5
powerpc64-ps3-elf-gcc: error: unrecognized command line option '-mmmx'; did you mean '-memb'?
configure:19507: $? = 1
configure: failed program was:
| /* confdefs.h */
| #define PACKAGE_NAME ""
| #define PACKAGE_TARNAME ""
| #define PACKAGE_VERSION ""
| #define PACKAGE_STRING ""
| #define PACKAGE_BUGREPORT ""
| #define PACKAGE_URL ""
| #define HAVE_STDIO_H 1
| #define HAVE_STDLIB_H 1
| #define HAVE_STRING_H 1
| #define HAVE_INTTYPES_H 1
| #define HAVE_STDINT_H 1
| #define HAVE_STRINGS_H 1
| #define HAVE_SYS_STAT_H 1
| #define HAVE_SYS_TYPES_H 1
| #define HAVE_UNISTD_H 1
| #define STDC_HEADERS 1
| #define LT_OBJDIR ".libs/"
| #define HAVE_LIBC 1
| #define HAVE_SYS_TYPES_H 1
| #define HAVE_STDIO_H 1
| #define HAVE_STDLIB_H 1
| #define HAVE_STDDEF_H 1
| #define HAVE_STDARG_H 1
| #define HAVE_MALLOC_H 1
| #define HAVE_STRING_H 1
| #define HAVE_STRINGS_H 1
| #define HAVE_WCHAR_H 1
| #define HAVE_INTTYPES_H 1
| #define HAVE_STDINT_H 1
| #define HAVE_LIMITS_H 1
| #define HAVE_CTYPE_H 1
| #define HAVE_MATH_H 1
| #define HAVE_FLOAT_H 1
| #define HAVE_ICONV_H 1
| #define HAVE_SIGNAL_H 1
| #define HAVE_M_PI /**/
| #define HAVE_ALLOCA_H 1
| #define HAVE_ALLOCA 1
| #define HAVE_MALLOC 1
| #define HAVE_CALLOC 1
| #define HAVE_REALLOC 1
| #define HAVE_FREE 1
| #define HAVE_GETENV 1
| #define HAVE_SETENV 1
| #define HAVE_PUTENV 1
| #define HAVE_UNSETENV 1
| #define HAVE_QSORT 1
| #define HAVE_ABS 1
| #define HAVE_BCOPY 1
| #define HAVE_MEMSET 1
| #define HAVE_MEMCPY 1
| #define HAVE_MEMMOVE 1
| #define HAVE_WCSLEN 1
| #define HAVE_WCSLCPY 1
| #define HAVE_WCSLCAT 1
| #define HAVE_WCSDUP 1
| #define HAVE_WCSSTR 1
| #define HAVE_WCSCMP 1
| #define HAVE_WCSNCMP 1
| #define HAVE_STRLEN 1
| #define HAVE_STRLCPY 1
| #define HAVE_STRLCAT 1
| #define HAVE_STRCHR 1
| #define HAVE_STRRCHR 1
| #define HAVE_STRSTR 1
| #define HAVE_STRTOK_R 1
| #define HAVE_STRTOL 1
| #define HAVE_STRTOUL 1
| #define HAVE_STRTOLL 1
| #define HAVE_STRTOULL 1
| #define HAVE_ATOI 1
| #define HAVE_ATOF 1
| #define HAVE_STRCMP 1
| #define HAVE_STRNCMP 1
| #define HAVE_STRCASECMP 1
| #define HAVE_STRNCASECMP 1
| #define HAVE_VSSCANF 1
| #define HAVE_VSNPRINTF 1
| #define HAVE_FSEEKO 1
| #define HAVE_SETJMP 1
| #define HAVE__EXIT 1
| #define HAVE_ACOS 1
| #define HAVE_ACOSF 1
| #define HAVE_ASIN 1
| #define HAVE_ASINF 1
| #define HAVE_ATAN 1
| #define HAVE_ATANF 1
| #define HAVE_ATAN2 1
| #define HAVE_ATAN2F 1
| #define HAVE_CEIL 1
| #define HAVE_CEILF 1
| #define HAVE_COPYSIGN 1
| #define HAVE_COPYSIGNF 1
| #define HAVE_COS 1
| #define HAVE_COSF 1
| #define HAVE_EXP 1
| #define HAVE_EXPF 1
| #define HAVE_FABS 1
| #define HAVE_FABSF 1
| #define HAVE_FLOOR 1
| #define HAVE_FLOORF 1
| #define HAVE_TRUNC 1
| #define HAVE_TRUNCF 1
| #define HAVE_FMOD 1
| #define HAVE_FMODF 1
| #define HAVE_LOG 1
| #define HAVE_LOGF 1
| #define HAVE_LOG10 1
| #define HAVE_LOG10F 1
| #define HAVE_POWF 1
| #define HAVE_SCALBN 1
| #define HAVE_SCALBNF 1
| #define HAVE_SIN 1
| #define HAVE_SINF 1
| #define HAVE_SQRT 1
| #define HAVE_SQRTF 1
| #define HAVE_TAN 1
| #define HAVE_TANF 1
| #define HAVE_GCC_ATOMICS 1
| #define SDL_ASSEMBLY_ROUTINES 1
| /* end confdefs.h.  */
| 
|         #ifdef __MINGW32__
|         #include <_mingw.h>
|         #ifdef __MINGW64_VERSION_MAJOR
|         #include <intrin.h>
|         #else
|         #include <mmintrin.h>
|         #endif
|         #else
|         #include <mmintrin.h>
|         #endif
|         #ifndef __MMX__
|         #error Assembler CPP flag not enabled
|         #endif
| 
| int
| main (void)
| {
| 
| 
|   ;
|   return 0;
| }
configure:19514: result: no
configure:19535: checking for GCC -m3dnow option
configure:19559: powerpc64-ps3-elf-gcc -o conftest -O2 -Wall -I/usr/local/ps3dev/ppu/include -Iinclude -I/mnt/c/SDL2PSL1GHT/include -idirafter /mnt/c/SDL2PSL1GHT/src/video/khronos  -m3dnow  -Iinclude -I/mnt/c/SDL2PSL1GHT/include -idirafter /mnt/c/SDL2PSL1GHT/src/video/khronos  -L/usr/local/ps3dev/ppu/lib -lrt -llv2 conftest.c  -lm >&5
powerpc64-ps3-elf-gcc: error: unrecognized command line option '-m3dnow'
configure:19559: $? = 1
configure: failed program was:
| /* confdefs.h */
| #define PACKAGE_NAME ""
| #define PACKAGE_TARNAME ""
| #define PACKAGE_VERSION ""
| #define PACKAGE_STRING ""
| #define PACKAGE_BUGREPORT ""
| #define PACKAGE_URL ""
| #define HAVE_STDIO_H 1
| #define HAVE_STDLIB_H 1
| #define HAVE_STRING_H 1
| #define HAVE_INTTYPES_H 1
| #define HAVE_STDINT_H 1
| #define HAVE_STRINGS_H 1
| #define HAVE_SYS_STAT_H 1
| #define HAVE_SYS_TYPES_H 1
| #define HAVE_UNISTD_H 1
| #define STDC_HEADERS 1
| #define LT_OBJDIR ".libs/"
| #define HAVE_LIBC 1
| #define HAVE_SYS_TYPES_H 1
| #define HAVE_STDIO_H 1
| #define HAVE_STDLIB_H 1
| #define HAVE_STDDEF_H 1
| #define HAVE_STDARG_H 1
| #define HAVE_MALLOC_H 1
| #define HAVE_STRING_H 1
| #define HAVE_STRINGS_H 1
| #define HAVE_WCHAR_H 1
| #define HAVE_INTTYPES_H 1
| #define HAVE_STDINT_H 1
| #define HAVE_LIMITS_H 1
| #define HAVE_CTYPE_H 1
| #define HAVE_MATH_H 1
| #define HAVE_FLOAT_H 1
| #define HAVE_ICONV_H 1
| #define HAVE_SIGNAL_H 1
| #define HAVE_M_PI /**/
| #define HAVE_ALLOCA_H 1
| #define HAVE_ALLOCA 1
| #define HAVE_MALLOC 1
| #define HAVE_CALLOC 1
| #define HAVE_REALLOC 1
| #define HAVE_FREE 1
| #define HAVE_GETENV 1
| #define HAVE_SETENV 1
| #define HAVE_PUTENV 1
| #define HAVE_UNSETENV 1
| #define HAVE_QSORT 1
| #define HAVE_ABS 1
| #define HAVE_BCOPY 1
| #define HAVE_MEMSET 1
| #define HAVE_MEMCPY 1
| #define HAVE_MEMMOVE 1
| #define HAVE_WCSLEN 1
| #define HAVE_WCSLCPY 1
| #define HAVE_WCSLCAT 1
| #define HAVE_WCSDUP 1
| #define HAVE_WCSSTR 1
| #define HAVE_WCSCMP 1
| #define HAVE_WCSNCMP 1
| #define HAVE_STRLEN 1
| #define HAVE_STRLCPY 1
| #define HAVE_STRLCAT 1
| #define HAVE_STRCHR 1
| #define HAVE_STRRCHR 1
| #define HAVE_STRSTR 1
| #define HAVE_STRTOK_R 1
| #define HAVE_STRTOL 1
| #define HAVE_STRTOUL 1
| #define HAVE_STRTOLL 1
| #define HAVE_STRTOULL 1
| #define HAVE_ATOI 1
| #define HAVE_ATOF 1
| #define HAVE_STRCMP 1
| #define HAVE_STRNCMP 1
| #define HAVE_STRCASECMP 1
| #define HAVE_STRNCASECMP 1
| #define HAVE_VSSCANF 1
| #define HAVE_VSNPRINTF 1
| #define HAVE_FSEEKO 1
| #define HAVE_SETJMP 1
| #define HAVE__EXIT 1
| #define HAVE_ACOS 1
| #define HAVE_ACOSF 1
| #define HAVE_ASIN 1
| #define HAVE_ASINF 1
| #define HAVE_ATAN 1
| #define HAVE_ATANF 1
| #define HAVE_ATAN2 1
| #define HAVE_ATAN2F 1
| #define HAVE_CEIL 1
| #define HAVE_CEILF 1
| #define HAVE_COPYSIGN 1
| #define HAVE_COPYSIGNF 1
| #define HAVE_COS 1
| #define HAVE_COSF 1
| #define HAVE_EXP 1
| #define HAVE_EXPF 1
| #define HAVE_FABS 1
| #define HAVE_FABSF 1
| #define HAVE_FLOOR 1
| #define HAVE_FLOORF 1
| #define HAVE_TRUNC 1
| #define HAVE_TRUNCF 1
| #define HAVE_FMOD 1
| #define HAVE_FMODF 1
| #define HAVE_LOG 1
| #define HAVE_LOGF 1
| #define HAVE_LOG10 1
| #define HAVE_LOG10F 1
| #define HAVE_POWF 1
| #define HAVE_SCALBN 1
| #define HAVE_SCALBNF 1
| #define HAVE_SIN 1
| #define HAVE_SINF 1
| #define HAVE_SQRT 1
| #define HAVE_SQRTF 1
| #define HAVE_TAN 1
| #define HAVE_TANF 1
| #define HAVE_GCC_ATOMICS 1
| #define SDL_ASSEMBLY_ROUTINES 1
| /* end confdefs.h.  */
| 
|         #include <mm3dnow.h>
|         #ifndef __3dNOW__
|         #error Assembler CPP flag not enabled
|         #endif
| 
| int
| main (void)
| {
| 
|         void *p = 0;
|         _m_prefetch(p);
| 
|   ;
|   return 0;
| }
configure:19567: result: no
configure:19588: checking for GCC -msse option
configure:19619: powerpc64-ps3-elf-gcc -c -O2 -Wall -I/usr/local/ps3dev/ppu/include -Iinclude -I/mnt/c/SDL2PSL1GHT/include -idirafter /mnt/c/SDL2PSL1GHT/src/video/khronos  -msse  -Iinclude -I/mnt/c/SDL2PSL1GHT/include -idirafter /mnt/c/SDL2PSL1GHT/src/video/khronos  conftest.c >&5
powerpc64-ps3-elf-gcc: error: unrecognized command line option '-msse'; did you mean '-mspe'?
configure:19619: $? = 1
configure: failed program was:
| /* confdefs.h */
| #define PACKAGE_NAME ""
| #define PACKAGE_TARNAME ""
| #define PACKAGE_VERSION ""
| #define PACKAGE_STRING ""
| #define PACKAGE_BUGREPORT ""
| #define PACKAGE_URL ""
| #define HAVE_STDIO_H 1
| #define HAVE_STDLIB_H 1
| #define HAVE_STRING_H 1
| #define HAVE_INTTYPES_H 1
| #define HAVE_STDINT_H 1
| #define HAVE_STRINGS_H 1
| #define HAVE_SYS_STAT_H 1
| #define HAVE_SYS_TYPES_H 1
| #define HAVE_UNISTD_H 1
| #define STDC_HEADERS 1
| #define LT_OBJDIR ".libs/"
| #define HAVE_LIBC 1
| #define HAVE_SYS_TYPES_H 1
| #define HAVE_STDIO_H 1
| #define HAVE_STDLIB_H 1
| #define HAVE_STDDEF_H 1
| #define HAVE_STDARG_H 1
| #define HAVE_MALLOC_H 1
| #define HAVE_STRING_H 1
| #define HAVE_STRINGS_H 1
| #define HAVE_WCHAR_H 1
| #define HAVE_INTTYPES_H 1
| #define HAVE_STDINT_H 1
| #define HAVE_LIMITS_H 1
| #define HAVE_CTYPE_H 1
| #define HAVE_MATH_H 1
| #define HAVE_FLOAT_H 1
| #define HAVE_ICONV_H 1
| #define HAVE_SIGNAL_H 1
| #define HAVE_M_PI /**/
| #define HAVE_ALLOCA_H 1
| #define HAVE_ALLOCA 1
| #define HAVE_MALLOC 1
| #define HAVE_CALLOC 1
| #define HAVE_REALLOC 1
| #define HAVE_FREE 1
| #define HAVE_GETENV 1
| #define HAVE_SETENV 1
| #define HAVE_PUTENV 1
| #define HAVE_UNSETENV 1
| #define HAVE_QSORT 1
| #define HAVE_ABS 1
| #define HAVE_BCOPY 1
| #define HAVE_MEMSET 1
| #define HAVE_MEMCPY 1
| #define HAVE_MEMMOVE 1
| #define HAVE_WCSLEN 1
| #define HAVE_WCSLCPY 1
| #define HAVE_WCSLCAT 1
| #define HAVE_WCSDUP 1
| #define HAVE_WCSSTR 1
| #define HAVE_WCSCMP 1
| #define HAVE_WCSNCMP 1
| #define HAVE_STRLEN 1
| #define HAVE_STRLCPY 1
| #define HAVE_STRLCAT 1
| #define HAVE_STRCHR 1
| #define HAVE_STRRCHR 1
| #define HAVE_STRSTR 1
| #define HAVE_STRTOK_R 1
| #define HAVE_STRTOL 1
| #define HAVE_STRTOUL 1
| #define HAVE_STRTOLL 1
| #define HAVE_STRTOULL 1
| #define HAVE_ATOI 1
| #define HAVE_ATOF 1
| #define HAVE_STRCMP 1
| #define HAVE_STRNCMP 1
| #define HAVE_STRCASECMP 1
| #define HAVE_STRNCASECMP 1
| #define HAVE_VSSCANF 1
| #define HAVE_VSNPRINTF 1
| #define HAVE_FSEEKO 1
| #define HAVE_SETJMP 1
| #define HAVE__EXIT 1
| #define HAVE_ACOS 1
| #define HAVE_ACOSF 1
| #define HAVE_ASIN 1
| #define HAVE_ASINF 1
| #define HAVE_ATAN 1
| #define HAVE_ATANF 1
| #define HAVE_ATAN2 1
| #define HAVE_ATAN2F 1
| #define HAVE_CEIL 1
| #define HAVE_CEILF 1
| #define HAVE_COPYSIGN 1
| #define HAVE_COPYSIGNF 1
| #define HAVE_COS 1
| #define HAVE_COSF 1
| #define HAVE_EXP 1
| #define HAVE_EXPF 1
| #define HAVE_FABS 1
| #define HAVE_FABSF 1
| #define HAVE_FLOOR 1
| #define HAVE_FLOORF 1
| #define HAVE_TRUNC 1
| #define HAVE_TRUNCF 1
| #define HAVE_FMOD 1
| #define HAVE_FMODF 1
| #define HAVE_LOG 1
| #define HAVE_LOGF 1
| #define HAVE_LOG10 1
| #define HAVE_LOG10F 1
| #define HAVE_POWF 1
| #define HAVE_SCALBN 1
| #define HAVE_SCALBNF 1
| #define HAVE_SIN 1
| #define HAVE_SINF 1
| #define HAVE_SQRT 1
| #define HAVE_SQRTF 1
| #define HAVE_TAN 1
| #define HAVE_TANF 1
| #define HAVE_GCC_ATOMICS 1
| #define SDL_ASSEMBLY_ROUTINES 1
| /* end confdefs.h.  */
| 
|         #ifdef __MINGW32__
|         #include <_mingw.h>
|         #ifdef __MINGW64_VERSION_MAJOR
|         #include <intrin.h>
|         #else
|         #include <xmmintrin.h>
|         #endif
|         #else
|         #include <xmmintrin.h>
|         #endif
|         #ifndef __SSE__
|         #error Assembler CPP flag not enabled
|         #endif
| 
| int
| main (void)
| {
| 
| 
|   ;
|   return 0;
| }
configure:19626: result: no
configure:19647: checking for GCC -msse2 option
configure:19678: powerpc64-ps3-elf-gcc -c -O2 -Wall -I/usr/local/ps3dev/ppu/include -Iinclude -I/mnt/c/SDL2PSL1GHT/include -idirafter /mnt/c/SDL2PSL1GHT/src/video/khronos  -msse2  -Iinclude -I/mnt/c/SDL2PSL1GHT/include -idirafter /mnt/c/SDL2PSL1GHT/src/video/khronos  conftest.c >&5
powerpc64-ps3-elf-gcc: error: unrecognized command line option '-msse2'; did you mean '-misel'?
configure:19678: $? = 1
configure: failed program was:
| /* confdefs.h */
| #define PACKAGE_NAME ""
| #define PACKAGE_TARNAME ""
| #define PACKAGE_VERSION ""
| #define PACKAGE_STRING ""
| #define PACKAGE_BUGREPORT ""
| #define PACKAGE_URL ""
| #define HAVE_STDIO_H 1
| #define HAVE_STDLIB_H 1
| #define HAVE_STRING_H 1
| #define HAVE_INTTYPES_H 1
| #define HAVE_STDINT_H 1
| #define HAVE_STRINGS_H 1
| #define HAVE_SYS_STAT_H 1
| #define HAVE_SYS_TYPES_H 1
| #define HAVE_UNISTD_H 1
| #define STDC_HEADERS 1
| #define LT_OBJDIR ".libs/"
| #define HAVE_LIBC 1
| #define HAVE_SYS_TYPES_H 1
| #define HAVE_STDIO_H 1
| #define HAVE_STDLIB_H 1
| #define HAVE_STDDEF_H 1
| #define HAVE_STDARG_H 1
| #define HAVE_MALLOC_H 1
| #define HAVE_STRING_H 1
| #define HAVE_STRINGS_H 1
| #define HAVE_WCHAR_H 1
| #define HAVE_INTTYPES_H 1
| #define HAVE_STDINT_H 1
| #define HAVE_LIMITS_H 1
| #define HAVE_CTYPE_H 1
| #define HAVE_MATH_H 1
| #define HAVE_FLOAT_H 1
| #define HAVE_ICONV_H 1
| #define HAVE_SIGNAL_H 1
| #define HAVE_M_PI /**/
| #define HAVE_ALLOCA_H 1
| #define HAVE_ALLOCA 1
| #define HAVE_MALLOC 1
| #define HAVE_CALLOC 1
| #define HAVE_REALLOC 1
| #define HAVE_FREE 1
| #define HAVE_GETENV 1
| #define HAVE_SETENV 1
| #define HAVE_PUTENV 1
| #define HAVE_UNSETENV 1
| #define HAVE_QSORT 1
| #define HAVE_ABS 1
| #define HAVE_BCOPY 1
| #define HAVE_MEMSET 1
| #define HAVE_MEMCPY 1
| #define HAVE_MEMMOVE 1
| #define HAVE_WCSLEN 1
| #define HAVE_WCSLCPY 1
| #define HAVE_WCSLCAT 1
| #define HAVE_WCSDUP 1
| #define HAVE_WCSSTR 1
| #define HAVE_WCSCMP 1
| #define HAVE_WCSNCMP 1
| #define HAVE_STRLEN 1
| #define HAVE_STRLCPY 1
| #define HAVE_STRLCAT 1
| #define HAVE_STRCHR 1
| #define HAVE_STRRCHR 1
| #define HAVE_STRSTR 1
| #define HAVE_STRTOK_R 1
| #define HAVE_STRTOL 1
| #define HAVE_STRTOUL 1
| #define HAVE_STRTOLL 1
| #define HAVE_STRTOULL 1
| #define HAVE_ATOI 1
| #define HAVE_ATOF 1
| #define HAVE_STRCMP 1
| #define HAVE_STRNCMP 1
| #define HAVE_STRCASECMP 1
| #define HAVE_STRNCASECMP 1
| #define HAVE_VSSCANF 1
| #define HAVE_VSNPRINTF 1
| #define HAVE_FSEEKO 1
| #define HAVE_SETJMP 1
| #define HAVE__EXIT 1
| #define HAVE_ACOS 1
| #define HAVE_ACOSF 1
| #define HAVE_ASIN 1
| #define HAVE_ASINF 1
| #define HAVE_ATAN 1
| #define HAVE_ATANF 1
| #define HAVE_ATAN2 1
| #define HAVE_ATAN2F 1
| #define HAVE_CEIL 1
| #define HAVE_CEILF 1
| #define HAVE_COPYSIGN 1
| #define HAVE_COPYSIGNF 1
| #define HAVE_COS 1
| #define HAVE_COSF 1
| #define HAVE_EXP 1
| #define HAVE_EXPF 1
| #define HAVE_FABS 1
| #define HAVE_FABSF 1
| #define HAVE_FLOOR 1
| #define HAVE_FLOORF 1
| #define HAVE_TRUNC 1
| #define HAVE_TRUNCF 1
| #define HAVE_FMOD 1
| #define HAVE_FMODF 1
| #define HAVE_LOG 1
| #define HAVE_LOGF 1
| #define HAVE_LOG10 1
| #define HAVE_LOG10F 1
| #define HAVE_POWF 1
| #define HAVE_SCALBN 1
| #define HAVE_SCALBNF 1
| #define HAVE_SIN 1
| #define HAVE_SINF 1
| #define HAVE_SQRT 1
| #define HAVE_SQRTF 1
| #define HAVE_TAN 1
| #define HAVE_TANF 1
| #define HAVE_GCC_ATOMICS 1
| #define SDL_ASSEMBLY_ROUTINES 1
| /* end confdefs.h.  */
| 
|         #ifdef __MINGW32__
|         #include <_mingw.h>
|         #ifdef __MINGW64_VERSION_MAJOR
|         #include <intrin.h>
|         #else
|         #include <emmintrin.h>
|         #endif
|         #else
|         #include <emmintrin.h>
|         #endif
|         #ifndef __SSE2__
|         #error Assembler CPP flag not enabled
|         #endif
| 
| int
| main (void)
| {
| 
| 
|   ;
|   return 0;
| }
configure:19685: result: no
configure:19706: checking for GCC -msse3 option
configure:19737: powerpc64-ps3-elf-gcc -c -O2 -Wall -I/usr/local/ps3dev/ppu/include -Iinclude -I/mnt/c/SDL2PSL1GHT/include -idirafter /mnt/c/SDL2PSL1GHT/src/video/khronos  -msse3  -Iinclude -I/mnt/c/SDL2PSL1GHT/include -idirafter /mnt/c/SDL2PSL1GHT/src/video/khronos  conftest.c >&5
powerpc64-ps3-elf-gcc: error: unrecognized command line option '-msse3'; did you mean '-misel'?
configure:19737: $? = 1
configure: failed program was:
| /* confdefs.h */
| #define PACKAGE_NAME ""
| #define PACKAGE_TARNAME ""
| #define PACKAGE_VERSION ""
| #define PACKAGE_STRING ""
| #define PACKAGE_BUGREPORT ""
| #define PACKAGE_URL ""
| #define HAVE_STDIO_H 1
| #define HAVE_STDLIB_H 1
| #define HAVE_STRING_H 1
| #define HAVE_INTTYPES_H 1
| #define HAVE_STDINT_H 1
| #define HAVE_STRINGS_H 1
| #define HAVE_SYS_STAT_H 1
| #define HAVE_SYS_TYPES_H 1
| #define HAVE_UNISTD_H 1
| #define STDC_HEADERS 1
| #define LT_OBJDIR ".libs/"
| #define HAVE_LIBC 1
| #define HAVE_SYS_TYPES_H 1
| #define HAVE_STDIO_H 1
| #define HAVE_STDLIB_H 1
| #define HAVE_STDDEF_H 1
| #define HAVE_STDARG_H 1
| #define HAVE_MALLOC_H 1
| #define HAVE_STRING_H 1
| #define HAVE_STRINGS_H 1
| #define HAVE_WCHAR_H 1
| #define HAVE_INTTYPES_H 1
| #define HAVE_STDINT_H 1
| #define HAVE_LIMITS_H 1
| #define HAVE_CTYPE_H 1
| #define HAVE_MATH_H 1
| #define HAVE_FLOAT_H 1
| #define HAVE_ICONV_H 1
| #define HAVE_SIGNAL_H 1
| #define HAVE_M_PI /**/
| #define HAVE_ALLOCA_H 1
| #define HAVE_ALLOCA 1
| #define HAVE_MALLOC 1
| #define HAVE_CALLOC 1
| #define HAVE_REALLOC 1
| #define HAVE_FREE 1
| #define HAVE_GETENV 1
| #define HAVE_SETENV 1
| #define HAVE_PUTENV 1
| #define HAVE_UNSETENV 1
| #define HAVE_QSORT 1
| #define HAVE_ABS 1
| #define HAVE_BCOPY 1
| #define HAVE_MEMSET 1
| #define HAVE_MEMCPY 1
| #define HAVE_MEMMOVE 1
| #define HAVE_WCSLEN 1
| #define HAVE_WCSLCPY 1
| #define HAVE_WCSLCAT 1
| #define HAVE_WCSDUP 1
| #define HAVE_WCSSTR 1
| #define HAVE_WCSCMP 1
| #define HAVE_WCSNCMP 1
| #define HAVE_STRLEN 1
| #define HAVE_STRLCPY 1
| #define HAVE_STRLCAT 1
| #define HAVE_STRCHR 1
| #define HAVE_STRRCHR 1
| #define HAVE_STRSTR 1
| #define HAVE_STRTOK_R 1
| #define HAVE_STRTOL 1
| #define HAVE_STRTOUL 1
| #define HAVE_STRTOLL 1
| #define HAVE_STRTOULL 1
| #define HAVE_ATOI 1
| #define HAVE_ATOF 1
| #define HAVE_STRCMP 1
| #define HAVE_STRNCMP 1
| #define HAVE_STRCASECMP 1
| #define HAVE_STRNCASECMP 1
| #define HAVE_VSSCANF 1
| #define HAVE_VSNPRINTF 1
| #define HAVE_FSEEKO 1
| #define HAVE_SETJMP 1
| #define HAVE__EXIT 1
| #define HAVE_ACOS 1
| #define HAVE_ACOSF 1
| #define HAVE_ASIN 1
| #define HAVE_ASINF 1
| #define HAVE_ATAN 1
| #define HAVE_ATANF 1
| #define HAVE_ATAN2 1
| #define HAVE_ATAN2F 1
| #define HAVE_CEIL 1
| #define HAVE_CEILF 1
| #define HAVE_COPYSIGN 1
| #define HAVE_COPYSIGNF 1
| #define HAVE_COS 1
| #define HAVE_COSF 1
| #define HAVE_EXP 1
| #define HAVE_EXPF 1
| #define HAVE_FABS 1
| #define HAVE_FABSF 1
| #define HAVE_FLOOR 1
| #define HAVE_FLOORF 1
| #define HAVE_TRUNC 1
| #define HAVE_TRUNCF 1
| #define HAVE_FMOD 1
| #define HAVE_FMODF 1
| #define HAVE_LOG 1
| #define HAVE_LOGF 1
| #define HAVE_LOG10 1
| #define HAVE_LOG10F 1
| #define HAVE_POWF 1
| #define HAVE_SCALBN 1
| #define HAVE_SCALBNF 1
| #define HAVE_SIN 1
| #define HAVE_SINF 1
| #define HAVE_SQRT 1
| #define HAVE_SQRTF 1
| #define HAVE_TAN 1
| #define HAVE_TANF 1
| #define HAVE_GCC_ATOMICS 1
| #define SDL_ASSEMBLY_ROUTINES 1
| /* end confdefs.h.  */
| 
|         #ifdef __MINGW32__
|         #include <_mingw.h>
|         #ifdef __MINGW64_VERSION_MAJOR
|         #include <intrin.h>
|         #else
|         #include <pmmintrin.h>
|         #endif
|         #else
|         #include <pmmintrin.h>
|         #endif
|         #ifndef __SSE2__
|         #error Assembler CPP flag not enabled
|         #endif
| 
| int
| main (void)
| {
| 
| 
|   ;
|   return 0;
| }
configure:19744: result: no
configure:19754: checking for immintrin.h
configure:19754: powerpc64-ps3-elf-gcc -c -O2 -Wall -I/usr/local/ps3dev/ppu/include -Iinclude -I/mnt/c/SDL2PSL1GHT/include -idirafter /mnt/c/SDL2PSL1GHT/src/video/khronos   -Iinclude -I/mnt/c/SDL2PSL1GHT/include -idirafter /mnt/c/SDL2PSL1GHT/src/video/khronos  conftest.c >&5
conftest.c:151:10: fatal error: immintrin.h: No such file or directory
 #include <immintrin.h>
          ^~~~~~~~~~~~~
compilation terminated.
configure:19754: $? = 1
configure: failed program was:
| /* confdefs.h */
| #define PACKAGE_NAME ""
| #define PACKAGE_TARNAME ""
| #define PACKAGE_VERSION ""
| #define PACKAGE_STRING ""
| #define PACKAGE_BUGREPORT ""
| #define PACKAGE_URL ""
| #define HAVE_STDIO_H 1
| #define HAVE_STDLIB_H 1
| #define HAVE_STRING_H 1
| #define HAVE_INTTYPES_H 1
| #define HAVE_STDINT_H 1
| #define HAVE_STRINGS_H 1
| #define HAVE_SYS_STAT_H 1
| #define HAVE_SYS_TYPES_H 1
| #define HAVE_UNISTD_H 1
| #define STDC_HEADERS 1
| #define LT_OBJDIR ".libs/"
| #define HAVE_LIBC 1
| #define HAVE_SYS_TYPES_H 1
| #define HAVE_STDIO_H 1
| #define HAVE_STDLIB_H 1
| #define HAVE_STDDEF_H 1
| #define HAVE_STDARG_H 1
| #define HAVE_MALLOC_H 1
| #define HAVE_STRING_H 1
| #define HAVE_STRINGS_H 1
| #define HAVE_WCHAR_H 1
| #define HAVE_INTTYPES_H 1
| #define HAVE_STDINT_H 1
| #define HAVE_LIMITS_H 1
| #define HAVE_CTYPE_H 1
| #define HAVE_MATH_H 1
| #define HAVE_FLOAT_H 1
| #define HAVE_ICONV_H 1
| #define HAVE_SIGNAL_H 1
| #define HAVE_M_PI /**/
| #define HAVE_ALLOCA_H 1
| #define HAVE_ALLOCA 1
| #define HAVE_MALLOC 1
| #define HAVE_CALLOC 1
| #define HAVE_REALLOC 1
| #define HAVE_FREE 1
| #define HAVE_GETENV 1
| #define HAVE_SETENV 1
| #define HAVE_PUTENV 1
| #define HAVE_UNSETENV 1
| #define HAVE_QSORT 1
| #define HAVE_ABS 1
| #define HAVE_BCOPY 1
| #define HAVE_MEMSET 1
| #define HAVE_MEMCPY 1
| #define HAVE_MEMMOVE 1
| #define HAVE_WCSLEN 1
| #define HAVE_WCSLCPY 1
| #define HAVE_WCSLCAT 1
| #define HAVE_WCSDUP 1
| #define HAVE_WCSSTR 1
| #define HAVE_WCSCMP 1
| #define HAVE_WCSNCMP 1
| #define HAVE_STRLEN 1
| #define HAVE_STRLCPY 1
| #define HAVE_STRLCAT 1
| #define HAVE_STRCHR 1
| #define HAVE_STRRCHR 1
| #define HAVE_STRSTR 1
| #define HAVE_STRTOK_R 1
| #define HAVE_STRTOL 1
| #define HAVE_STRTOUL 1
| #define HAVE_STRTOLL 1
| #define HAVE_STRTOULL 1
| #define HAVE_ATOI 1
| #define HAVE_ATOF 1
| #define HAVE_STRCMP 1
| #define HAVE_STRNCMP 1
| #define HAVE_STRCASECMP 1
| #define HAVE_STRNCASECMP 1
| #define HAVE_VSSCANF 1
| #define HAVE_VSNPRINTF 1
| #define HAVE_FSEEKO 1
| #define HAVE_SETJMP 1
| #define HAVE__EXIT 1
| #define HAVE_ACOS 1
| #define HAVE_ACOSF 1
| #define HAVE_ASIN 1
| #define HAVE_ASINF 1
| #define HAVE_ATAN 1
| #define HAVE_ATANF 1
| #define HAVE_ATAN2 1
| #define HAVE_ATAN2F 1
| #define HAVE_CEIL 1
| #define HAVE_CEILF 1
| #define HAVE_COPYSIGN 1
| #define HAVE_COPYSIGNF 1
| #define HAVE_COS 1
| #define HAVE_COSF 1
| #define HAVE_EXP 1
| #define HAVE_EXPF 1
| #define HAVE_FABS 1
| #define HAVE_FABSF 1
| #define HAVE_FLOOR 1
| #define HAVE_FLOORF 1
| #define HAVE_TRUNC 1
| #define HAVE_TRUNCF 1
| #define HAVE_FMOD 1
| #define HAVE_FMODF 1
| #define HAVE_LOG 1
| #define HAVE_LOGF 1
| #define HAVE_LOG10 1
| #define HAVE_LOG10F 1
| #define HAVE_POWF 1
| #define HAVE_SCALBN 1
| #define HAVE_SCALBNF 1
| #define HAVE_SIN 1
| #define HAVE_SINF 1
| #define HAVE_SQRT 1
| #define HAVE_SQRTF 1
| #define HAVE_TAN 1
| #define HAVE_TANF 1
| #define HAVE_GCC_ATOMICS 1
| #define SDL_ASSEMBLY_ROUTINES 1
| /* end confdefs.h.  */
| #include <stddef.h>
| #ifdef HAVE_STDIO_H
| # include <stdio.h>
| #endif
| #ifdef HAVE_STDLIB_H
| # include <stdlib.h>
| #endif
| #ifdef HAVE_STRING_H
| # include <string.h>
| #endif
| #ifdef HAVE_INTTYPES_H
| # include <inttypes.h>
| #endif
| #ifdef HAVE_STDINT_H
| # include <stdint.h>
| #endif
| #ifdef HAVE_STRINGS_H
| # include <strings.h>
| #endif
| #ifdef HAVE_SYS_TYPES_H
| # include <sys/types.h>
| #endif
| #ifdef HAVE_SYS_STAT_H
| # include <sys/stat.h>
| #endif
| #ifdef HAVE_UNISTD_H
| # include <unistd.h>
| #endif
| #include <immintrin.h>
configure:19754: result: no
configure:19783: checking for Altivec with GCC altivec.h and -maltivec option
configure:19802: powerpc64-ps3-elf-gcc -c -O2 -Wall -I/usr/local/ps3dev/ppu/include -Iinclude -I/mnt/c/SDL2PSL1GHT/include -idirafter /mnt/c/SDL2PSL1GHT/src/video/khronos  -maltivec  -Iinclude -I/mnt/c/SDL2PSL1GHT/include -idirafter /mnt/c/SDL2PSL1GHT/src/video/khronos  conftest.c >&5
configure:19802: $? = 0
configure:19810: result: yes
configure:21656: checking for GCC -Wall option
configure:21676: powerpc64-ps3-elf-gcc -c -O2 -Wall -I/usr/local/ps3dev/ppu/include -Iinclude -I/mnt/c/SDL2PSL1GHT/include -idirafter /mnt/c/SDL2PSL1GHT/src/video/khronos  -Wall  -Iinclude -I/mnt/c/SDL2PSL1GHT/include -idirafter /mnt/c/SDL2PSL1GHT/src/video/khronos  conftest.c >&5
configure:21676: $? = 0
configure:21683: result: yes
configure:21690: checking for necessary GCC -Wno-multichar option
configure:21698: result: no
configure:21542: checking for GCC -fno-strict-aliasing option
configure:21562: powerpc64-ps3-elf-gcc -c -O2 -Wall -I/usr/local/ps3dev/ppu/include -Iinclude -I/mnt/c/SDL2PSL1GHT/include -idirafter /mnt/c/SDL2PSL1GHT/src/video/khronos  -fno-strict-aliasing  -Iinclude -I/mnt/c/SDL2PSL1GHT/include -idirafter /mnt/c/SDL2PSL1GHT/src/video/khronos  conftest.c >&5
configure:21562: $? = 0
configure:21569: result: yes
configure:27590: checking whether to install sdl2-config
configure:27605: result: yes
configure:28018: creating ./config.status

## ---------------------- ##
## Running config.status. ##
## ---------------------- ##

This file was extended by config.status, which was
generated by GNU Autoconf 2.71.  Invocation command line was

  CONFIG_FILES    = 
  CONFIG_HEADERS  = 
  CONFIG_LINKS    = 
  CONFIG_COMMANDS = 
  $ ./config.status 

on DESKTOP-UHD1668

config.status:1364: creating Makefile
config.status:1364: creating sdl2-config
config.status:1364: creating sdl2-config.cmake
config.status:1364: creating sdl2-config-version.cmake
config.status:1364: creating SDL2.spec
config.status:1364: creating sdl2.pc
config.status:1364: creating include/SDL_config.h
config.status:1524: include/SDL_config.h is unchanged
config.status:1538: executing libtool commands
config.status:1538: executing sdl2_config commands
config.status:1538: executing summary commands

## ---------------- ##
## Cache variables. ##
## ---------------- ##

ac_cv_build=x86_64-pc-linux-gnu
ac_cv_c_compiler_gnu=yes
ac_cv_c_const=yes
ac_cv_c_inline=inline
ac_cv_c_volatile=yes
ac_cv_cxx_compiler_gnu=yes
ac_cv_define_M_PI=yes
ac_cv_env_CCC_set=
ac_cv_env_CCC_value=
ac_cv_env_CC_set=
ac_cv_env_CC_value=
ac_cv_env_CFLAGS_set=set
ac_cv_env_CFLAGS_value='-O2 -Wall -I/usr/local/ps3dev/ppu/include'
ac_cv_env_CPPFLAGS_set=
ac_cv_env_CPPFLAGS_value=
ac_cv_env_CPP_set=
ac_cv_env_CPP_value=
ac_cv_env_CXXCPP_set=
ac_cv_env_CXXCPP_value=
ac_cv_env_CXXFLAGS_set=
ac_cv_env_CXXFLAGS_value=
ac_cv_env_CXX_set=
ac_cv_env_CXX_value=
ac_cv_env_DBUS_CFLAGS_set=
ac_cv_env_DBUS_CFLAGS_value=
ac_cv_env_DBUS_LIBS_set=
ac_cv_env_DBUS_LIBS_value=
ac_cv_env_DIRECTFB_CFLAGS_set=
ac_cv_env_DIRECTFB_CFLAGS_value=
ac_cv_env_DIRECTFB_LIBS_set=
ac_cv_env_DIRECTFB_LIBS_value=
ac_cv_env_FUSIONSOUND_CFLAGS_set=
ac_cv_env_FUSIONSOUND_CFLAGS_value=
ac_cv_env_FUSIONSOUND_LIBS_set=
ac_cv_env_FUSIONSOUND_LIBS_value=
ac_cv_env_IBUS_CFLAGS_set=
ac_cv_env_IBUS_CFLAGS_value=
ac_cv_env_IBUS_LIBS_set=
ac_cv_env_IBUS_LIBS_value=
ac_cv_env_JACK_CFLAGS_set=
ac_cv_env_JACK_CFLAGS_value=
ac_cv_env_JACK_LIBS_set=
ac_cv_env_JACK_LIBS_value=
ac_cv_env_LDFLAGS_set=set
ac_cv_env_LDFLAGS_value='-L/usr/local/ps3dev/ppu/lib -lrt -llv2'
ac_cv_env_LIBDRM_CFLAGS_set=
ac_cv_env_LIBDRM_CFLAGS_value=
ac_cv_env_LIBDRM_LIBS_set=
ac_cv_env_LIBDRM_LIBS_value=
ac_cv_env_LIBGBM_CFLAGS_set=
ac_cv_env_LIBGBM_CFLAGS_value=
ac_cv_env_LIBGBM_LIBS_set=
ac_cv_env_LIBGBM_LIBS_value=
ac_cv_env_LIBS_set=
ac_cv_env_LIBS_value=
ac_cv_env_LIBUSB_CFLAGS_set=
ac_cv_env_LIBUSB_CFLAGS_value=
ac_cv_env_LIBUSB_LIBS_set=
ac_cv_env_LIBUSB_LIBS_value=
ac_cv_env_PKG_CONFIG_LIBDIR_set=
ac_cv_env_PKG_CONFIG_LIBDIR_value=
ac_cv_env_PKG_CONFIG_PATH_set=
ac_cv_env_PKG_CONFIG_PATH_value=
ac_cv_env_PKG_CONFIG_set=
ac_cv_env_PKG_CONFIG_value=
ac_cv_env_PULSEAUDIO_CFLAGS_set=
ac_cv_env_PULSEAUDIO_CFLAGS_value=
ac_cv_env_PULSEAUDIO_LIBS_set=
ac_cv_env_PULSEAUDIO_LIBS_value=
ac_cv_env_RPI_CFLAGS_set=
ac_cv_env_RPI_CFLAGS_value=
ac_cv_env_RPI_LIBS_set=
ac_cv_env_RPI_LIBS_value=
ac_cv_env_XMKMF_set=
ac_cv_env_XMKMF_value=
ac_cv_env_build_alias_set=
ac_cv_env_build_alias_value=
ac_cv_env_host_alias_set=set
ac_cv_env_host_alias_value=powerpc64-ps3-elf
ac_cv_env_target_alias_set=
ac_cv_env_target_alias_value=
ac_cv_func__Exit=yes
ac_cv_func__i64toa=no
ac_cv_func__ltoa=no
ac_cv_func__stricmp=no
ac_cv_func__strlwr=no
ac_cv_func__strnicmp=no
ac_cv_func__strrev=no
ac_cv_func__strupr=no
ac_cv_func__ui64toa=no
ac_cv_func__uitoa=no
ac_cv_func__ultoa=no
ac_cv_func_abs=yes
ac_cv_func_acos=yes
ac_cv_func_acosf=yes
ac_cv_func_alloca_works=yes
ac_cv_func_asin=yes
ac_cv_func_asinf=yes
ac_cv_func_atan2=yes
ac_cv_func_atan2f=yes
ac_cv_func_atan=yes
ac_cv_func_atanf=yes
ac_cv_func_atof=yes
ac_cv_func_atoi=yes
ac_cv_func_bcopy=yes
ac_cv_func_calloc=yes
ac_cv_func_ceil=yes
ac_cv_func_ceilf=yes
ac_cv_func_copysign=yes
ac_cv_func_copysignf=yes
ac_cv_func_cos=yes
ac_cv_func_cosf=yes
ac_cv_func_exp=yes
ac_cv_func_expf=yes
ac_cv_func_fabs=yes
ac_cv_func_fabsf=yes
ac_cv_func_floor=yes
ac_cv_func_floorf=yes
ac_cv_func_fmod=yes
ac_cv_func_fmodf=yes
ac_cv_func_fopen64=no
ac_cv_func_free=yes
ac_cv_func_fseeko64=no
ac_cv_func_fseeko=yes
ac_cv_func_getauxval=no
ac_cv_func_getenv=yes
ac_cv_func_iconv=no
ac_cv_func_itoa=no
ac_cv_func_log10=yes
ac_cv_func_log10f=yes
ac_cv_func_log=yes
ac_cv_func_logf=yes
ac_cv_func_malloc=yes
ac_cv_func_memcmp_working=no
ac_cv_func_memcpy=yes
ac_cv_func_memmove=yes
ac_cv_func_memset=yes
ac_cv_func_mprotect=no
ac_cv_func_nanosleep=no
ac_cv_func_poll=no
ac_cv_func_pow=no
ac_cv_func_powf=yes
ac_cv_func_putenv=yes
ac_cv_func_qsort=yes
ac_cv_func_realloc=yes
ac_cv_func_scalbn=yes
ac_cv_func_scalbnf=yes
ac_cv_func_setenv=yes
ac_cv_func_setjmp=yes
ac_cv_func_sigaction=no
ac_cv_func_sin=yes
ac_cv_func_sinf=yes
ac_cv_func_sqrt=yes
ac_cv_func_sqrtf=yes
ac_cv_func_strcasecmp=yes
ac_cv_func_strchr=yes
ac_cv_func_strcmp=yes
ac_cv_func_strlcat=yes
ac_cv_func_strlcpy=yes
ac_cv_func_strlen=yes
ac_cv_func_strncasecmp=yes
ac_cv_func_strncmp=yes
ac_cv_func_strrchr=yes
ac_cv_func_strstr=yes
ac_cv_func_strtod=no
ac_cv_func_strtok_r=yes
ac_cv_func_strtol=yes
ac_cv_func_strtoll=yes
ac_cv_func_strtoul=yes
ac_cv_func_strtoull=yes
ac_cv_func_sysconf=no
ac_cv_func_sysctlbyname=no
ac_cv_func_tan=yes
ac_cv_func_tanf=yes
ac_cv_func_trunc=yes
ac_cv_func_truncf=yes
ac_cv_func_unsetenv=yes
ac_cv_func_vsnprintf=yes
ac_cv_func_vsscanf=yes
ac_cv_func_wcscmp=yes
ac_cv_func_wcsdup=yes
ac_cv_func_wcslcat=yes
ac_cv_func_wcslcpy=yes
ac_cv_func_wcslen=yes
ac_cv_func_wcsncmp=yes
ac_cv_func_wcsstr=yes
ac_cv_header_ctype_h=yes
ac_cv_header_dlfcn_h=no
ac_cv_header_float_h=yes
ac_cv_header_iconv_h=yes
ac_cv_header_immintrin_h=no
ac_cv_header_inttypes_h=yes
ac_cv_header_libunwind_h=no
ac_cv_header_limits_h=yes
ac_cv_header_malloc_h=yes
ac_cv_header_math_h=yes
ac_cv_header_memory_h=no
ac_cv_header_signal_h=yes
ac_cv_header_stdarg_h=yes
ac_cv_header_stddef_h=yes
ac_cv_header_stdint_h=yes
ac_cv_header_stdio_h=yes
ac_cv_header_stdlib_h=yes
ac_cv_header_string_h=yes
ac_cv_header_strings_h=yes
ac_cv_header_sys_stat_h=yes
ac_cv_header_sys_types_h=yes
ac_cv_header_unistd_h=yes
ac_cv_header_wchar_h=yes
ac_cv_host=powerpc64-ps3-elf
ac_cv_lib_iconv_iconv_open=no
ac_cv_lib_m_pow=yes
ac_cv_member_struct_sigaction_sa_sigaction=no
ac_cv_objext=o
ac_cv_path_EGREP='/usr/bin/grep -E'
ac_cv_path_FGREP='/usr/bin/grep -F'
ac_cv_path_GREP=/usr/bin/grep
ac_cv_path_SED=/usr/bin/sed
ac_cv_path_ac_pt_PKG_CONFIG=/usr/bin/pkg-config
ac_cv_path_install='/usr/bin/install -c'
ac_cv_prog_AR=powerpc64-ps3-elf-ar
ac_cv_prog_AWK=gawk
ac_cv_prog_CC=powerpc64-ps3-elf-gcc
ac_cv_prog_CPP='powerpc64-ps3-elf-gcc -E'
ac_cv_prog_CXX=powerpc64-ps3-elf-g++
ac_cv_prog_CXXCPP='powerpc64-ps3-elf-g++ -E'
ac_cv_prog_OBJDUMP=powerpc64-ps3-elf-objdump
ac_cv_prog_RANLIB=powerpc64-ps3-elf-ranlib
ac_cv_prog_STRIP=powerpc64-ps3-elf-strip
ac_cv_prog_cc_c11=
ac_cv_prog_cc_g=yes
ac_cv_prog_cc_stdc=
ac_cv_prog_cxx_cxx11=
ac_cv_prog_cxx_g=yes
ac_cv_prog_cxx_stdcxx=
ac_cv_prog_make_make_set=yes
ac_cv_type_size_t=yes
ac_cv_working_alloca_h=yes
lt_cv_ar_at_file=@
lt_cv_archive_cmds_need_lc=no
lt_cv_deplibs_check_method=unknown
lt_cv_file_magic_cmd='$MAGIC_CMD'
lt_cv_file_magic_test_file=
lt_cv_ld_reload_flag=-r
lt_cv_nm_interface='BSD nm'
lt_cv_objdir=.libs
lt_cv_path_LD=/usr/local/ps3dev/ppu/powerpc64-ps3-elf/bin/ld
lt_cv_path_LDCXX=/usr/local/ps3dev/ppu/powerpc64-ps3-elf/bin/ld
lt_cv_path_NM='/usr/local/ps3dev/ppu/bin/powerpc64-ps3-elf-nm -B'
lt_cv_path_mainfest_tool=no
lt_cv_prog_compiler_c_o=yes
lt_cv_prog_compiler_c_o_CXX=yes
lt_cv_prog_compiler_c_o_RC=yes
lt_cv_prog_compiler_pic='-fPIC -DPIC'
lt_cv_prog_compiler_pic_CXX='-fPIC -DPIC'
lt_cv_prog_compiler_pic_works=yes
lt_cv_prog_compiler_pic_works_CXX=yes
lt_cv_prog_compiler_rtti_exceptions=no
lt_cv_prog_compiler_static_works=yes
lt_cv_prog_compiler_static_works_CXX=yes
lt_cv_prog_gnu_ld=yes
lt_cv_prog_gnu_ldcxx=yes
lt_cv_sharedlib_from_linklib_cmd='printf %s\n'
lt_cv_sys_global_symbol_pipe='sed -n -e '\''s/^.*[	 ]\([ABCDGIRSTW][ABCDGIRSTW]*\)[	 ][	 ]*\([_A-Za-z][_A-Za-z0-9]*\)$/\1 \2 \2/p'\'' | sed '\''/ __gnu_lto/d'\'''
lt_cv_sys_global_symbol_to_c_name_address='sed -n -e '\''s/^: \([^ ]*\)[ ]*$/  {\"\1\", (void *) 0},/p'\'' -e '\''s/^[ABCDGIRSTW]* \([^ ]*\) \([^ ]*\)$/  {"\2", (void *) \&\2},/p'\'''
lt_cv_sys_global_symbol_to_c_name_address_lib_prefix='sed -n -e '\''s/^: \([^ ]*\)[ ]*$/  {\"\1\", (void *) 0},/p'\'' -e '\''s/^[ABCDGIRSTW]* \([^ ]*\) \(lib[^ ]*\)$/  {"\2", (void *) \&\2},/p'\'' -e '\''s/^[ABCDGIRSTW]* \([^ ]*\) \([^ ]*\)$/  {"lib\2", (void *) \&\2},/p'\'''
lt_cv_sys_global_symbol_to_cdecl='sed -n -e '\''s/^T .* \(.*\)$/extern int \1();/p'\'' -e '\''s/^[ABCDGIRSTW]* .* \(.*\)$/extern char \1;/p'\'''
lt_cv_sys_max_cmd_len=1572864
lt_cv_to_host_file_cmd=func_convert_file_noop
lt_cv_to_tool_file_cmd=func_convert_file_noop

## ----------------- ##
## Output variables. ##
## ----------------- ##

ALLOCA=''
ALSA_CFLAGS=''
ALSA_LIBS=''
AR='powerpc64-ps3-elf-ar'
ARTSCONFIG=''
AS='as'
AWK='gawk'
BUILD_CFLAGS='-O2 -Wall -I/usr/local/ps3dev/ppu/include  -DUSING_GENERATED_CONFIG_H'
BUILD_LDFLAGS='-L/usr/local/ps3dev/ppu/lib -lrt -llv2'
CC='powerpc64-ps3-elf-gcc'
CFLAGS='-O2 -Wall -I/usr/local/ps3dev/ppu/include -Iinclude -I/mnt/c/SDL2PSL1GHT/include -idirafter /mnt/c/SDL2PSL1GHT/src/video/khronos '
CPP='powerpc64-ps3-elf-gcc -E'
CPPFLAGS=' -Iinclude -I/mnt/c/SDL2PSL1GHT/include -idirafter /mnt/c/SDL2PSL1GHT/src/video/khronos '
CXX='powerpc64-ps3-elf-g++'
CXXCPP='powerpc64-ps3-elf-g++ -E'
CXXFLAGS='-g -O2'
DBUS_CFLAGS=''
DBUS_LIBS=''
DEFS='-DHAVE_CONFIG_H'
DIRECTFB_CFLAGS=''
DIRECTFB_LIBS=''
DLLTOOL='false'
DSYMUTIL=''
DUMPBIN=''
ECHO_C=''
ECHO_N='-n'
ECHO_T=''
EGREP='/usr/bin/grep -E'
ENABLE_SHARED_FALSE=''
ENABLE_SHARED_TRUE='#'
ENABLE_STATIC_FALSE='#'
ENABLE_STATIC_TRUE=''
ESD_CFLAGS=''
ESD_CONFIG=''
ESD_LIBS=''
EXEEXT=''
EXTRA_CFLAGS='-Iinclude -I/mnt/c/SDL2PSL1GHT/include -idirafter /mnt/c/SDL2PSL1GHT/src/video/khronos  -maltivec -Wall -fno-strict-aliasing -D__PSL1GHT__ -DHAVE_POW -DHAVE_MMAP=0 -DDEBUG_ERROR -I"/usr/local/ps3dev/ppu/include" -mcpu=cell '
EXTRA_LDFLAGS=' -Wl,--no-undefined -lm -lgcm_sys -lrsx -lsysutil -lio -laudio -lrt -llv2 -lio -laudio'
FGREP='/usr/bin/grep -F'
FUSIONSOUND_CFLAGS=''
FUSIONSOUND_LIBS=''
GEN_HEADERS=''
GEN_OBJECTS=''
GREP='/usr/bin/grep'
IBUS_CFLAGS=''
IBUS_LIBS=''
INCLUDE='-Iinclude -I/mnt/c/SDL2PSL1GHT/include -idirafter /mnt/c/SDL2PSL1GHT/src/video/khronos'
INSTALL_DATA='${INSTALL} -m 644'
INSTALL_PROGRAM='${INSTALL}'
INSTALL_SCRIPT='${INSTALL}'
INSTALL_SDL2_CONFIG='TRUE'
JACK_CFLAGS=''
JACK_LIBS=''
LD='/usr/local/ps3dev/ppu/powerpc64-ps3-elf/bin/ld'
LDFLAGS='-L/usr/local/ps3dev/ppu/lib -lrt -llv2'
LIBDRM_CFLAGS=''
LIBDRM_LIBS=''
LIBGBM_CFLAGS=''
LIBGBM_LIBS=''
LIBOBJS=' ${LIBOBJDIR}memcmp$U.o ${LIBOBJDIR}strtod$U.o'
LIBS=' -lm'
LIBTOOL='$(SHELL) $(top_builddir)/libtool'
LIBUSB_CFLAGS=''
LIBUSB_LIBS=''
LIPO=''
LN_S='ln -s'
LTLIBOBJS=' ${LIBOBJDIR}memcmp$U.lo ${LIBOBJDIR}strtod$U.lo'
LT_AGE='12'
LT_CURRENT='12'
LT_RELEASE='2.0'
LT_REVISION='1'
MANIFEST_TOOL=':'
NM='/usr/local/ps3dev/ppu/bin/powerpc64-ps3-elf-nm -B'
NMEDIT=''
OBJDUMP='powerpc64-ps3-elf-objdump'
OBJECTS='$(objects)/SDL.lo $(objects)/SDL_assert.lo $(objects)/SDL_dataqueue.lo $(objects)/SDL_error.lo $(objects)/SDL_hints.lo $(objects)/SDL_log.lo $(objects)/SDL_atomic.lo $(objects)/SDL_spinlock.lo $(objects)/SDL_audio.lo $(objects)/SDL_audiocvt.lo $(objects)/SDL_audiodev.lo $(objects)/SDL_audiotypecvt.lo $(objects)/SDL_mixer.lo $(objects)/SDL_wave.lo $(objects)/SDL_cpuinfo.lo $(objects)/SDL_dynapi.lo $(objects)/SDL_clipboardevents.lo $(objects)/SDL_displayevents.lo $(objects)/SDL_dropevents.lo $(objects)/SDL_events.lo $(objects)/SDL_gesture.lo $(objects)/SDL_keyboard.lo $(objects)/SDL_mouse.lo $(objects)/SDL_quit.lo $(objects)/SDL_touch.lo $(objects)/SDL_windowevents.lo $(objects)/SDL_rwops.lo $(objects)/SDL_haptic.lo $(objects)/SDL_gamecontroller.lo $(objects)/SDL_joystick.lo $(objects)/e_atan2.lo $(objects)/e_exp.lo $(objects)/e_fmod.lo $(objects)/e_log.lo $(objects)/e_log10.lo $(objects)/e_pow.lo $(objects)/e_rem_pio2.lo $(objects)/e_sqrt.lo $(objects)/k_cos.lo $(objects)/k_rem_pio2.lo $(objects)/k_sin.lo $(objects)/k_tan.lo $(objects)/s_atan.lo $(objects)/s_copysign.lo $(objects)/s_cos.lo $(objects)/s_fabs.lo $(objects)/s_floor.lo $(objects)/s_scalbn.lo $(objects)/s_sin.lo $(objects)/s_tan.lo $(objects)/SDL_power.lo $(objects)/SDL_d3dmath.lo $(objects)/SDL_render.lo $(objects)/SDL_yuv_sw.lo $(objects)/SDL_render_d3d.lo $(objects)/SDL_shaders_d3d.lo $(objects)/SDL_render_d3d11.lo $(objects)/SDL_shaders_d3d11.lo $(objects)/SDL_render_gl.lo $(objects)/SDL_shaders_gl.lo $(objects)/SDL_render_gles.lo $(objects)/SDL_render_gles2.lo $(objects)/SDL_shaders_gles2.lo $(objects)/SDL_PSL1GHTrender.lo $(objects)/SDL_render_psp.lo $(objects)/SDL_blendfillrect.lo $(objects)/SDL_blendline.lo $(objects)/SDL_blendpoint.lo $(objects)/SDL_drawline.lo $(objects)/SDL_drawpoint.lo $(objects)/SDL_render_sw.lo $(objects)/SDL_rotate.lo $(objects)/SDL_sensor.lo $(objects)/SDL_getenv.lo $(objects)/SDL_iconv.lo $(objects)/SDL_malloc.lo $(objects)/SDL_qsort.lo $(objects)/SDL_stdlib.lo $(objects)/SDL_string.lo $(objects)/SDL_strtokr.lo $(objects)/SDL_thread.lo $(objects)/SDL_timer.lo $(objects)/SDL_RLEaccel.lo $(objects)/SDL_blit.lo $(objects)/SDL_blit_0.lo $(objects)/SDL_blit_1.lo $(objects)/SDL_blit_A.lo $(objects)/SDL_blit_N.lo $(objects)/SDL_blit_auto.lo $(objects)/SDL_blit_copy.lo $(objects)/SDL_blit_slow.lo $(objects)/SDL_bmp.lo $(objects)/SDL_clipboard.lo $(objects)/SDL_egl.lo $(objects)/SDL_fillrect.lo $(objects)/SDL_pixels.lo $(objects)/SDL_rect.lo $(objects)/SDL_shape.lo $(objects)/SDL_stretch.lo $(objects)/SDL_surface.lo $(objects)/SDL_video.lo $(objects)/SDL_vulkan_utils.lo $(objects)/SDL_yuv.lo $(objects)/yuv_rgb.lo $(objects)/SDL_locale.lo $(objects)/SDL_PSL1GHTevents.lo $(objects)/SDL_PSL1GHTkeyboard.lo $(objects)/SDL_PSL1GHTmodes.lo $(objects)/SDL_PSL1GHTmouse.lo $(objects)/SDL_PSL1GHTvideo.lo $(objects)/SDL_PSL1GHTrender.lo $(objects)/SDL_syssem.lo $(objects)/SDL_systhread.lo $(objects)/SDL_sysmutex.lo $(objects)/SDL_syscond.lo $(objects)/SDL_systls.lo $(objects)/SDL_sysjoystick.lo $(objects)/SDL_systimer.lo $(objects)/SDL_psl1ghtaudio.lo $(objects)/SDL_virtualjoystick.lo $(objects)/SDL_syslocale.lo $(objects)/SDL_syshaptic.lo $(objects)/SDL_dummysensor.lo $(objects)/SDL_sysfilesystem.lo $(objects)/SDL_sysloadso.lo'
OBJEXT='o'
OTOOL64=''
OTOOL=''
PACKAGE_BUGREPORT=''
PACKAGE_NAME=''
PACKAGE_STRING=''
PACKAGE_TARNAME=''
PACKAGE_URL=''
PACKAGE_VERSION=''
PATH_SEPARATOR=':'
PKG_CONFIG='/usr/bin/pkg-config'
PKG_CONFIG_LIBDIR=''
PKG_CONFIG_LIBS_PRIV=''
PKG_CONFIG_PATH=''
POW_LIB='-lm'
PULSEAUDIO_CFLAGS=''
PULSEAUDIO_LIBS=''
RANLIB='powerpc64-ps3-elf-ranlib'
RC=''
RPI_CFLAGS=''
RPI_LIBS=''
SDLMAIN_OBJECTS='$(objects)/SDL_dummy_main.lo'
SDLTEST_OBJECTS='$(objects)/SDL_test_assert.lo $(objects)/SDL_test_common.lo $(objects)/SDL_test_compare.lo $(objects)/SDL_test_crc32.lo $(objects)/SDL_test_font.lo $(objects)/SDL_test_fuzzer.lo $(objects)/SDL_test_harness.lo $(objects)/SDL_test_imageBlit.lo $(objects)/SDL_test_imageBlitBlend.lo $(objects)/SDL_test_imageFace.lo $(objects)/SDL_test_imagePrimitives.lo $(objects)/SDL_test_imagePrimitivesBlend.lo $(objects)/SDL_test_log.lo $(objects)/SDL_test_md5.lo $(objects)/SDL_test_memory.lo $(objects)/SDL_test_random.lo'
SDL_BINARY_AGE='13'
SDL_CFLAGS=''
SDL_INTERFACE_AGE='1'
SDL_LIBS='-lSDL2'
SDL_MAJOR_VERSION='2'
SDL_MICRO_VERSION='13'
SDL_MINOR_VERSION='0'
SDL_RLD_FLAGS=''
SDL_STATIC_LIBS=' -Wl,--no-undefined -lm -lgcm_sys -lrsx -lsysutil -lio -laudio -lrt -llv2 -lio -laudio'
SDL_VERSION='2.0.13'
SED='/usr/bin/sed'
SET_MAKE=''
SHELL='/bin/bash'
STRIP='powerpc64-ps3-elf-strip'
VERSION_OBJECTS=''
WAYLAND_SCANNER=''
XMKMF=''
X_CFLAGS=''
X_EXTRA_LIBS=''
X_LIBS=''
X_PRE_LIBS=''
ac_aux_dir='./build-scripts/'
ac_ct_AR=''
ac_ct_CC=''
ac_ct_CXX=''
ac_ct_DUMPBIN=''
bindir='${exec_prefix}/bin'
build='x86_64-pc-linux-gnu'
build_alias=''
build_cpu='x86_64'
build_os='linux-gnu'
build_vendor='pc'
datadir='${datarootdir}'
datarootdir='${prefix}/share'
docdir='${datarootdir}/doc/${PACKAGE}'
dvidir='${docdir}'
exec_prefix='${prefix}'
host='powerpc64-ps3-elf'
host_alias='powerpc64-ps3-elf'
host_cpu='powerpc64'
host_os='elf'
host_vendor='ps3'
htmldir='${docdir}'
includedir='${prefix}/include'
infodir='${datarootdir}/info'
libdir='${exec_prefix}/lib'
libexecdir='${exec_prefix}/libexec'
localedir='${datarootdir}/locale'
localstatedir='${prefix}/var'
mandir='${datarootdir}/man'
oldincludedir='/usr/include'
pdfdir='${docdir}'
prefix='/usr/local/ps3dev/portlibs/ppu'
program_transform_name='s,x,x,'
psdir='${docdir}'
runstatedir='${localstatedir}/run'
sbindir='${exec_prefix}/sbin'
sharedstatedir='${prefix}/com'
sysconfdir='${prefix}/etc'
target_alias=''

## ----------- ##
## confdefs.h. ##
## ----------- ##

/* confdefs.h */
#define PACKAGE_NAME ""
#define PACKAGE_TARNAME ""
#define PACKAGE_VERSION ""
#define PACKAGE_STRING ""
#define PACKAGE_BUGREPORT ""
#define PACKAGE_URL ""
#define HAVE_STDIO_H 1
#define HAVE_STDLIB_H 1
#define HAVE_STRING_H 1
#define HAVE_INTTYPES_H 1
#define HAVE_STDINT_H 1
#define HAVE_STRINGS_H 1
#define HAVE_SYS_STAT_H 1
#define HAVE_SYS_TYPES_H 1
#define HAVE_UNISTD_H 1
#define STDC_HEADERS 1
#define LT_OBJDIR ".libs/"
#define HAVE_LIBC 1
#define HAVE_SYS_TYPES_H 1
#define HAVE_STDIO_H 1
#define HAVE_STDLIB_H 1
#define HAVE_STDDEF_H 1
#define HAVE_STDARG_H 1
#define HAVE_MALLOC_H 1
#define HAVE_STRING_H 1
#define HAVE_STRINGS_H 1
#define HAVE_WCHAR_H 1
#define HAVE_INTTYPES_H 1
#define HAVE_STDINT_H 1
#define HAVE_LIMITS_H 1
#define HAVE_CTYPE_H 1
#define HAVE_MATH_H 1
#define HAVE_FLOAT_H 1
#define HAVE_ICONV_H 1
#define HAVE_SIGNAL_H 1
#define HAVE_M_PI /**/
#define HAVE_ALLOCA_H 1
#define HAVE_ALLOCA 1
#define HAVE_MALLOC 1
#define HAVE_CALLOC 1
#define HAVE_REALLOC 1
#define HAVE_FREE 1
#define HAVE_GETENV 1
#define HAVE_SETENV 1
#define HAVE_PUTENV 1
#define HAVE_UNSETENV 1
#define HAVE_QSORT 1
#define HAVE_ABS 1
#define HAVE_BCOPY 1
#define HAVE_MEMSET 1
#define HAVE_MEMCPY 1
#define HAVE_MEMMOVE 1
#define HAVE_WCSLEN 1
#define HAVE_WCSLCPY 1
#define HAVE_WCSLCAT 1
#define HAVE_WCSDUP 1
#define HAVE_WCSSTR 1
#define HAVE_WCSCMP 1
#define HAVE_WCSNCMP 1
#define HAVE_STRLEN 1
#define HAVE_STRLCPY 1
#define HAVE_STRLCAT 1
#define HAVE_STRCHR 1
#define HAVE_STRRCHR 1
#define HAVE_STRSTR 1
#define HAVE_STRTOK_R 1
#define HAVE_STRTOL 1
#define HAVE_STRTOUL 1
#define HAVE_STRTOLL 1
#define HAVE_STRTOULL 1
#define HAVE_ATOI 1
#define HAVE_ATOF 1
#define HAVE_STRCMP 1
#define HAVE_STRNCMP 1
#define HAVE_STRCASECMP 1
#define HAVE_STRNCASECMP 1
#define HAVE_VSSCANF 1
#define HAVE_VSNPRINTF 1
#define HAVE_FSEEKO 1
#define HAVE_SETJMP 1
#define HAVE__EXIT 1
#define HAVE_ACOS 1
#define HAVE_ACOSF 1
#define HAVE_ASIN 1
#define HAVE_ASINF 1
#define HAVE_ATAN 1
#define HAVE_ATANF 1
#define HAVE_ATAN2 1
#define HAVE_ATAN2F 1
#define HAVE_CEIL 1
#define HAVE_CEILF 1
#define HAVE_COPYSIGN 1
#define HAVE_COPYSIGNF 1
#define HAVE_COS 1
#define HAVE_COSF 1
#define HAVE_EXP 1
#define HAVE_EXPF 1
#define HAVE_FABS 1
#define HAVE_FABSF 1
#define HAVE_FLOOR 1
#define HAVE_FLOORF 1
#define HAVE_TRUNC 1
#define HAVE_TRUNCF 1
#define HAVE_FMOD 1
#define HAVE_FMODF 1
#define HAVE_LOG 1
#define HAVE_LOGF 1
#define HAVE_LOG10 1
#define HAVE_LOG10F 1
#define HAVE_POWF 1
#define HAVE_SCALBN 1
#define HAVE_SCALBNF 1
#define HAVE_SIN 1
#define HAVE_SINF 1
#define HAVE_SQRT 1
#define HAVE_SQRTF 1
#define HAVE_TAN 1
#define HAVE_TANF 1
#define HAVE_GCC_ATOMICS 1
#define SDL_ASSEMBLY_ROUTINES 1
#define SDL_ALTIVEC_BLITTERS 1
#define HAVE_ALTIVEC_H 1
#define SDL_VIDEO_DRIVER_PSL1GHT 1
#define SDL_VIDEO_RENDER_PSL1GHT 1
#define SDL_THREAD_PSL1GHT 1
#define SDL_JOYSTICK_PSL1GHT 1
#define SDL_TIMER_PSL1GHT 1
#define SDL_AUDIO_DRIVER_PSL1GHT 1
#define SDL_JOYSTICK_VIRTUAL 1
#define SDL_HAPTIC_DUMMY 1
#define SDL_SENSOR_DUMMY 1
#define SDL_FILESYSTEM_DISABLED 1
#define SDL_LOADSO_DISABLED 1

configure: exit 0
